,feature_id,name,type,action,tags_added,tags_removed,tags_modified,changeset_id,date,user,user_id,new_tags,old_tags
0,1091877758,{},way,modify,{},{},{},136483088,2023-05-24T06:43:01Z,marek kleciak,338611,"{'highway': 'primary', 'oneway': 'yes'}","{'highway': 'primary', 'oneway': 'yes'}"
1,777629763,{},way,modify,{},{},{},136480295,2023-05-24T05:13:23Z,marek kleciak,338611,"{'highway': 'primary', 'oneway': 'yes'}","{'highway': 'primary', 'oneway': 'yes'}"
2,908522480,{},way,modify,{},{},{},136480295,2023-05-24T05:13:23Z,marek kleciak,338611,"{'highway': 'primary', 'oneway': 'yes'}","{'highway': 'primary', 'oneway': 'yes'}"
3,1091877760,{},way,modify,{},{},{},136480295,2023-05-24T05:13:23Z,marek kleciak,338611,"{'highway': 'primary', 'oneway': 'yes'}","{'highway': 'primary', 'oneway': 'yes'}"
4,1091877762,{},way,modify,{},{},{},136480295,2023-05-24T05:13:23Z,marek kleciak,338611,"{'highway': 'primary', 'oneway': 'yes'}","{'highway': 'primary', 'oneway': 'yes'}"
5,1091877763,{},way,modify,{},{},{},136480295,2023-05-24T05:13:23Z,marek kleciak,338611,"{'highway': 'primary', 'oneway': 'yes'}","{'highway': 'primary', 'oneway': 'yes'}"
6,751465454,{},way,modify,{},{},{},136474178,2023-05-23T21:59:08Z,Heinz_V,91490,"{'highway': 'primary', 'oneway': 'yes'}","{'highway': 'primary', 'oneway': 'yes'}"
7,1091658641,{},way,modify,{},{},{},136474178,2023-05-23T21:59:08Z,Heinz_V,91490,"{'highway': 'primary', 'lanes': '2', 'maxspeed': '50', 'oneway': 'yes', 'surface': 'asphalt'}","{'highway': 'primary', 'lanes': '2', 'maxspeed': '50', 'oneway': 'yes', 'surface': 'asphalt'}"
8,342998885,{},way,modify,{},{},{},136467362,2023-05-23T17:55:47Z,marek kleciak,338611,"{'highway': 'primary', 'oneway': 'yes'}","{'highway': 'primary', 'oneway': 'yes'}"
9,1091658641,{},way,modify,"{""lanes"": ""2"", ""maxspeed"": ""50"", ""surface"": ""asphalt""}",{},{},136467362,2023-05-23T17:55:47Z,marek kleciak,338611,"{'highway': 'primary', 'lanes': '2', 'maxspeed': '50', 'oneway': 'yes', 'surface': 'asphalt'}","{'oneway': 'yes', 'highway': 'primary'}"
10,182984272,{},way,modify,{},{},{},136445607,2023-05-23T08:47:59Z,marek kleciak,338611,"{'highway': 'primary', 'lanes': '2', 'oneway': 'yes', 'ref': 'NH34', 'ref:old': 'H03'}","{'highway': 'primary', 'lanes': '2', 'oneway': 'yes', 'ref': 'NH34', 'ref:old': 'H03'}"
11,231880682,{},way,modify,{},{},{},136445607,2023-05-23T08:47:59Z,marek kleciak,338611,"{'highway': 'primary', 'lanes': '2', 'oneway': 'yes', 'ref': 'NH34', 'ref:old': 'H03'}","{'highway': 'primary', 'lanes': '2', 'oneway': 'yes', 'ref': 'NH34', 'ref:old': 'H03'}"
12,670112951,{},way,modify,{},{},{},136443413,2023-05-23T07:59:51Z,marek kleciak,338611,"{'highway': 'primary', 'lanes': '2', 'oneway': 'yes'}","{'highway': 'primary', 'lanes': '2', 'oneway': 'yes'}"
13,1090811373,{},way,modify,{},{},{},136443413,2023-05-23T07:59:51Z,marek kleciak,338611,"{'highway': 'primary', 'lanes': '2', 'oneway': 'yes'}","{'highway': 'primary', 'lanes': '2', 'oneway': 'yes'}"
14,1091000036,{},way,modify,{},{},{},136443145,2023-05-23T07:52:57Z,marek kleciak,338611,"{'highway': 'primary', 'oneway': 'yes'}","{'highway': 'primary', 'oneway': 'yes'}"
15,184872458,Ring Road,way,modify,{},{},{},136442904,2023-05-23T07:45:59Z,marek kleciak,338611,"{'bicycle': 'yes', 'cycleway': 'no', 'foot': 'designated', 'highway': 'primary', 'int_name': 'Ring Road', 'int_ref': 'AH42', 'lanes': '2', 'name': 'à¤°à¤¿à¤\x82à¤\x97 à¤°à¥\x8bà¤¡', 'name:en': 'Ring Road', 'name:ne': 'à¤°à¤¿à¤\x82à¤\x97 à¤°à¥\x8bà¤¡', 'oneway': 'yes', 'ref': 'H16', 'route': 'Kalanki-Lagankhel', 'source': 'Bing', 'surface': 'paved', 'watch:80n': 'Katmandu'}","{'bicycle': 'yes', 'cycleway': 'no', 'foot': 'designated', 'highway': 'primary', 'int_name': 'Ring Road', 'int_ref': 'AH42', 'lanes': '2', 'name': 'à¤°à¤¿à¤\x82à¤\x97 à¤°à¥\x8bà¤¡', 'name:en': 'Ring Road', 'name:ne': 'à¤°à¤¿à¤\x82à¤\x97 à¤°à¥\x8bà¤¡', 'oneway': 'yes', 'ref': 'H16', 'route': 'Kalanki-Lagankhel', 'source': 'Bing', 'surface': 'paved', 'watch:80n': 'Katmandu'}"
16,653848617,{},way,modify,{},{},{},136442904,2023-05-23T07:45:59Z,marek kleciak,338611,"{'highway': 'primary', 'oneway': 'yes'}","{'highway': 'primary', 'oneway': 'yes'}"
17,777629767,{},way,modify,{},{},{},136442904,2023-05-23T07:45:59Z,marek kleciak,338611,"{'highway': 'primary', 'oneway': 'yes'}","{'highway': 'primary', 'oneway': 'yes'}"
18,184872458,Ring Road,way,modify,{},{},{},136442449,2023-05-23T07:32:05Z,marek kleciak,338611,"{'bicycle': 'yes', 'cycleway': 'no', 'foot': 'designated', 'highway': 'primary', 'int_name': 'Ring Road', 'int_ref': 'AH42', 'lanes': '2', 'name': 'à¤°à¤¿à¤\x82à¤\x97 à¤°à¥\x8bà¤¡', 'name:en': 'Ring Road', 'name:ne': 'à¤°à¤¿à¤\x82à¤\x97 à¤°à¥\x8bà¤¡', 'oneway': 'yes', 'ref': 'H16', 'route': 'Kalanki-Lagankhel', 'source': 'Bing', 'surface': 'paved', 'watch:80n': 'Katmandu'}","{'bicycle': 'yes', 'cycleway': 'no', 'foot': 'designated', 'highway': 'primary', 'int_name': 'Ring Road', 'int_ref': 'AH42', 'lanes': '2', 'name': 'à¤°à¤¿à¤\x82à¤\x97 à¤°à¥\x8bà¤¡', 'name:en': 'Ring Road', 'name:ne': 'à¤°à¤¿à¤\x82à¤\x97 à¤°à¥\x8bà¤¡', 'oneway': 'yes', 'ref': 'H16', 'route': 'Kalanki-Lagankhel', 'source': 'Bing', 'surface': 'paved', 'watch:80n': 'Katmandu'}"
19,653848617,{},way,modify,{},{},{},136442449,2023-05-23T07:32:05Z,marek kleciak,338611,"{'highway': 'primary', 'oneway': 'yes'}","{'highway': 'primary', 'oneway': 'yes'}"
20,170015085,{},way,modify,{},{},"{""highway"": {""old"": ""secondary"", ""new"": ""primary""}}",136438993,2023-05-23T05:56:42Z,Heinz_V,91490,"{'highway': 'primary', 'incline': 'up', 'lanes': '2', 'name': 'Rupni road', 'ref': 'F4', 'sidewalk': 'both', 'smoothness': 'intermediate', 'surface': 'paved', 'width': '3.5'}","{'highway': 'secondary', 'incline': 'up', 'lanes': '2', 'name': 'Rupni road', 'ref': 'F4', 'sidewalk': 'both', 'smoothness': 'intermediate', 'surface': 'paved', 'width': '3.5'}"
21,233828238,{},way,modify,{},{},"{""highway"": {""old"": ""secondary"", ""new"": ""primary""}}",136438993,2023-05-23T05:56:42Z,Heinz_V,91490,"{'highway': 'primary', 'ref': 'F2', 'surface': 'paved'}","{'highway': 'secondary', 'ref': 'F2', 'surface': 'paved'}"
22,234099819,{},way,modify,{},{},"{""highway"": {""old"": ""secondary"", ""new"": ""primary""}}",136438993,2023-05-23T05:56:42Z,Heinz_V,91490,"{'highway': 'primary', 'ref': 'F2', 'surface': 'paved'}","{'highway': 'secondary', 'ref': 'F2', 'surface': 'paved'}"
23,234099825,{},way,modify,{},{},"{""highway"": {""old"": ""secondary"", ""new"": ""primary""}}",136438993,2023-05-23T05:56:42Z,Heinz_V,91490,"{'bridge': 'yes', 'highway': 'primary', 'layer': '1', 'ref': 'F2', 'surface': 'paved'}","{'highway': 'secondary', 'bridge': 'yes', 'layer': '1', 'ref': 'F2', 'surface': 'paved'}"
24,234099827,{},way,modify,{},{},"{""highway"": {""old"": ""secondary"", ""new"": ""primary""}}",136438993,2023-05-23T05:56:42Z,Heinz_V,91490,"{'highway': 'primary', 'ref': 'F2', 'surface': 'paved'}","{'highway': 'secondary', 'ref': 'F2', 'surface': 'paved'}"
25,267125285,{},way,modify,{},{},"{""highway"": {""old"": ""secondary"", ""new"": ""primary""}}",136438993,2023-05-23T05:56:42Z,Heinz_V,91490,"{'highway': 'primary', 'name': 'rupani road', 'ref': 'F4', 'surface': 'paved'}","{'highway': 'secondary', 'name': 'rupani road', 'ref': 'F4', 'surface': 'paved'}"
26,267125289,{},way,modify,{},{},"{""highway"": {""old"": ""secondary"", ""new"": ""primary""}}",136438993,2023-05-23T05:56:42Z,Heinz_V,91490,"{'highway': 'primary', 'ref': 'F4', 'surface': 'paved'}","{'highway': 'secondary', 'ref': 'F4', 'surface': 'paved'}"
27,267125313,{},way,modify,{},{},"{""highway"": {""old"": ""secondary"", ""new"": ""primary""}}",136438993,2023-05-23T05:56:42Z,Heinz_V,91490,"{'highway': 'primary', 'ref': 'F4', 'surface': 'paved'}","{'highway': 'secondary', 'ref': 'F4', 'surface': 'paved'}"
28,275640158,{},way,modify,{},{},"{""highway"": {""old"": ""secondary"", ""new"": ""primary""}}",136438993,2023-05-23T05:56:42Z,Heinz_V,91490,"{'bridge': 'yes', 'highway': 'primary', 'layer': '1', 'ref': 'F4', 'surface': 'paved'}","{'highway': 'secondary', 'bridge': 'yes', 'layer': '1', 'ref': 'F4', 'surface': 'paved'}"
29,276703616,{},way,modify,{},{},"{""highway"": {""old"": ""secondary"", ""new"": ""primary""}}",136438993,2023-05-23T05:56:42Z,Heinz_V,91490,"{'highway': 'primary', 'ref': 'NH14', 'ref:old': 'F4', 'surface': 'paved'}","{'highway': 'secondary', 'ref': 'NH14', 'ref:old': 'F4', 'surface': 'paved'}"
30,276703617,{},way,modify,{},{},"{""highway"": {""old"": ""secondary"", ""new"": ""primary""}}",136438993,2023-05-23T05:56:42Z,Heinz_V,91490,"{'highway': 'primary', 'junction': 'roundabout', 'ref': 'NH14', 'ref:old': 'F4', 'surface': 'paved'}","{'highway': 'secondary', 'junction': 'roundabout', 'ref': 'NH14', 'ref:old': 'F4', 'surface': 'paved'}"
31,331220908,{},way,modify,{},{},"{""highway"": {""old"": ""secondary"", ""new"": ""primary""}}",136438993,2023-05-23T05:56:42Z,Heinz_V,91490,"{'highway': 'primary', 'ref': 'NH5', 'ref:old': 'F4', 'surface': 'paved'}","{'highway': 'secondary', 'ref': 'NH5', 'ref:old': 'F4', 'surface': 'paved'}"
32,337193643,{},way,modify,{},{},"{""highway"": {""old"": ""trunk"", ""new"": ""primary""}}",136438993,2023-05-23T05:56:42Z,Heinz_V,91490,"{'bicycle': 'yes', 'foot': 'yes', 'highway': 'primary', 'motor_vehicle': 'yes', 'name': 'Postal Highway', 'oneway': 'no', 'ref': 'NH5', 'ref:old': 'H17', 'surface': 'asphalt'}","{'highway': 'trunk', 'bicycle': 'yes', 'foot': 'yes', 'motor_vehicle': 'yes', 'name': 'Postal Highway', 'oneway': 'no', 'ref': 'NH5', 'ref:old': 'H17', 'surface': 'asphalt'}"
33,337216562,{},way,modify,{},{},"{""highway"": {""old"": ""trunk"", ""new"": ""primary""}}",136438993,2023-05-23T05:56:42Z,Heinz_V,91490,"{'bicycle': 'yes', 'foot': 'yes', 'highway': 'primary', 'horse': 'yes', 'motor_vehicle': 'yes', 'name': 'Postal Highway', 'ref': 'NH5', 'ref:old': 'H17', 'surface': 'asphalt'}","{'highway': 'trunk', 'bicycle': 'yes', 'foot': 'yes', 'horse': 'yes', 'motor_vehicle': 'yes', 'name': 'Postal Highway', 'ref': 'NH5', 'ref:old': 'H17', 'surface': 'asphalt'}"
34,337216579,{},way,modify,{},{},"{""highway"": {""old"": ""trunk"", ""new"": ""primary""}}",136438993,2023-05-23T05:56:42Z,Heinz_V,91490,"{'bridge': 'yes', 'highway': 'primary', 'layer': '1', 'ref': 'NH5', 'ref:old': 'H17'}","{'highway': 'trunk', 'bridge': 'yes', 'layer': '1', 'ref': 'NH5', 'ref:old': 'H17'}"
35,337223894,{},way,modify,{},{},"{""highway"": {""old"": ""trunk"", ""new"": ""primary""}}",136438993,2023-05-23T05:56:42Z,Heinz_V,91490,"{'highway': 'primary', 'name': 'Postal Highway', 'oneway': 'no', 'ref': 'NH5', 'ref:old': 'H17', 'surface': 'asphalt'}","{'highway': 'trunk', 'name': 'Postal Highway', 'oneway': 'no', 'ref': 'NH5', 'ref:old': 'H17', 'surface': 'asphalt'}"
36,337223930,{},way,modify,{},{},"{""highway"": {""old"": ""trunk"", ""new"": ""primary""}}",136438993,2023-05-23T05:56:42Z,Heinz_V,91490,"{'highway': 'primary', 'maxspeed': '40', 'name': 'Postal Highway', 'ref': 'NH5', 'ref:old': 'H17'}","{'highway': 'trunk', 'maxspeed': '40', 'name': 'Postal Highway', 'ref': 'NH5', 'ref:old': 'H17'}"
37,337242103,{},way,modify,{},{},"{""highway"": {""old"": ""trunk"", ""new"": ""primary""}}",136438993,2023-05-23T05:56:42Z,Heinz_V,91490,"{'bridge': 'yes', 'highway': 'primary', 'layer': '1', 'name': 'Leera Bridge', 'ref': 'NH5', 'ref:old': 'H17'}","{'highway': 'trunk', 'bridge': 'yes', 'layer': '1', 'name': 'Leera Bridge', 'ref': 'NH5', 'ref:old': 'H17'}"
38,337242105,{},way,modify,{},{},"{""highway"": {""old"": ""trunk"", ""new"": ""primary""}}",136438993,2023-05-23T05:56:42Z,Heinz_V,91490,"{'bicycle': 'yes', 'foot': 'yes', 'highway': 'primary', 'motor_vehicle': 'yes', 'name': 'Postal Highway', 'oneway': 'no', 'ref': 'NH5', 'ref:old': 'H17', 'surface': 'asphalt'}","{'highway': 'trunk', 'bicycle': 'yes', 'foot': 'yes', 'motor_vehicle': 'yes', 'name': 'Postal Highway', 'oneway': 'no', 'ref': 'NH5', 'ref:old': 'H17', 'surface': 'asphalt'}"
39,342541153,{},way,modify,{},{},"{""highway"": {""old"": ""trunk"", ""new"": ""primary""}}",136438993,2023-05-23T05:56:42Z,Heinz_V,91490,"{'bicycle': 'yes', 'foot': 'yes', 'highway': 'primary', 'lanes': '4', 'motor_vehicle': 'yes', 'name': 'Postal Highway', 'oneway': 'no', 'ref': 'NH5', 'ref:old': 'H17', 'surface': 'asphalt'}","{'highway': 'trunk', 'bicycle': 'yes', 'foot': 'yes', 'lanes': '4', 'motor_vehicle': 'yes', 'name': 'Postal Highway', 'oneway': 'no', 'ref': 'NH5', 'ref:old': 'H17', 'surface': 'asphalt'}"
40,342541155,{},way,modify,{},{},"{""highway"": {""old"": ""trunk"", ""new"": ""primary""}}",136438993,2023-05-23T05:56:42Z,Heinz_V,91490,"{'bicycle': 'yes', 'foot': 'yes', 'highway': 'primary', 'lanes': '4', 'motor_vehicle': 'yes', 'name': 'Postal Highway', 'oneway': 'no', 'ref': 'NH5', 'ref:old': 'H17', 'surface': 'asphalt'}","{'highway': 'trunk', 'bicycle': 'yes', 'foot': 'yes', 'lanes': '4', 'motor_vehicle': 'yes', 'name': 'Postal Highway', 'oneway': 'no', 'ref': 'NH5', 'ref:old': 'H17', 'surface': 'asphalt'}"
41,342541156,{},way,modify,{},{},"{""highway"": {""old"": ""trunk"", ""new"": ""primary""}}",136438993,2023-05-23T05:56:42Z,Heinz_V,91490,"{'bicycle': 'yes', 'bridge': 'yes', 'foot': 'yes', 'highway': 'primary', 'lanes': '2', 'layer': '1', 'motor_vehicle': 'yes', 'name': 'Gauriya Bridge', 'ref': 'NH5', 'ref:old': 'H17', 'surface': 'asphalt'}","{'highway': 'trunk', 'bicycle': 'yes', 'bridge': 'yes', 'foot': 'yes', 'lanes': '2', 'layer': '1', 'motor_vehicle': 'yes', 'name': 'Gauriya Bridge', 'ref': 'NH5', 'ref:old': 'H17', 'surface': 'asphalt'}"
42,342541159,{},way,modify,{},{},"{""highway"": {""old"": ""trunk"", ""new"": ""primary""}}",136438993,2023-05-23T05:56:42Z,Heinz_V,91490,"{'bicycle': 'yes', 'foot': 'yes', 'highway': 'primary', 'lanes': '2', 'motor_vehicle': 'yes', 'name': 'Postal Highway', 'oneway': 'no', 'ref': 'NH5', 'ref:old': 'H17', 'surface': 'asphalt'}","{'highway': 'trunk', 'bicycle': 'yes', 'foot': 'yes', 'lanes': '2', 'motor_vehicle': 'yes', 'name': 'Postal Highway', 'oneway': 'no', 'ref': 'NH5', 'ref:old': 'H17', 'surface': 'asphalt'}"
43,346562348,{},way,modify,{},{},"{""highway"": {""old"": ""secondary"", ""new"": ""primary""}}",136438993,2023-05-23T05:56:42Z,Heinz_V,91490,"{'highway': 'primary', 'ref': 'NH14', 'ref:old': 'F4', 'surface': 'paved'}","{'highway': 'secondary', 'ref': 'NH14', 'ref:old': 'F4', 'surface': 'paved'}"
44,518061000,{},way,modify,{},{},"{""highway"": {""old"": ""secondary"", ""new"": ""primary""}}",136438993,2023-05-23T05:56:42Z,Heinz_V,91490,"{'bridge': 'yes', 'highway': 'primary', 'layer': '1', 'ref': 'F2', 'surface': 'paved'}","{'highway': 'secondary', 'bridge': 'yes', 'layer': '1', 'ref': 'F2', 'surface': 'paved'}"
45,518090973,{},way,modify,{},{},"{""highway"": {""old"": ""secondary"", ""new"": ""primary""}}",136438993,2023-05-23T05:56:42Z,Heinz_V,91490,"{'fixme': '2 ways in one', 'highway': 'primary', 'ref': 'F2', 'surface': 'paved'}","{'highway': 'secondary', 'fixme': '2 ways in one', 'ref': 'F2', 'surface': 'paved'}"
46,518730379,{},way,modify,{},{},"{""highway"": {""old"": ""secondary"", ""new"": ""primary""}}",136438993,2023-05-23T05:56:42Z,Heinz_V,91490,"{'fixme': '2 ways in one', 'highway': 'primary', 'ref': 'F2', 'surface': 'paved'}","{'highway': 'secondary', 'fixme': '2 ways in one', 'ref': 'F2', 'surface': 'paved'}"
47,518730502,{},way,modify,{},{},"{""highway"": {""old"": ""secondary"", ""new"": ""primary""}}",136438993,2023-05-23T05:56:42Z,Heinz_V,91490,"{'fixme': '2 ways in one', 'highway': 'primary', 'ref': 'F2', 'surface': 'paved'}","{'highway': 'secondary', 'fixme': '2 ways in one', 'ref': 'F2', 'surface': 'paved'}"
48,518730503,{},way,modify,{},{},"{""highway"": {""old"": ""secondary"", ""new"": ""primary""}}",136438993,2023-05-23T05:56:42Z,Heinz_V,91490,"{'fixme': '2 ways in one', 'highway': 'primary', 'ref': 'F2', 'surface': 'paved'}","{'highway': 'secondary', 'fixme': '2 ways in one', 'ref': 'F2', 'surface': 'paved'}"
49,518739460,{},way,modify,{},{},"{""highway"": {""old"": ""secondary"", ""new"": ""primary""}}",136438993,2023-05-23T05:56:42Z,Heinz_V,91490,"{'fixme': '2 ways in one', 'highway': 'primary', 'ref': 'F2', 'surface': 'paved'}","{'highway': 'secondary', 'fixme': '2 ways in one', 'ref': 'F2', 'surface': 'paved'}"
50,518739461,{},way,modify,{},{},"{""highway"": {""old"": ""secondary"", ""new"": ""primary""}}",136438993,2023-05-23T05:56:42Z,Heinz_V,91490,"{'fixme': '2 ways in one', 'highway': 'primary', 'ref': 'F2', 'surface': 'paved'}","{'highway': 'secondary', 'fixme': '2 ways in one', 'ref': 'F2', 'surface': 'paved'}"
51,518769207,{},way,modify,{},{},"{""highway"": {""old"": ""trunk"", ""new"": ""primary""}}",136438993,2023-05-23T05:56:42Z,Heinz_V,91490,"{'bicycle': 'yes', 'bridge': 'yes', 'foot': 'yes', 'highway': 'primary', 'layer': '1', 'motor_vehicle': 'no', 'name': 'Postal Highway', 'ref': 'NH5', 'ref:old': 'H17'}","{'highway': 'trunk', 'bicycle': 'yes', 'bridge': 'yes', 'foot': 'yes', 'layer': '1', 'motor_vehicle': 'no', 'name': 'Postal Highway', 'ref': 'NH5', 'ref:old': 'H17'}"
52,518769208,{},way,modify,{},{},"{""highway"": {""old"": ""trunk"", ""new"": ""primary""}}",136438993,2023-05-23T05:56:42Z,Heinz_V,91490,"{'bicycle': 'yes', 'foot': 'yes', 'highway': 'primary', 'lanes': '2', 'motor_vehicle': 'yes', 'name': 'Postal Highway', 'oneway': 'no', 'ref': 'NH5', 'ref:old': 'H17', 'surface': 'asphalt'}","{'highway': 'trunk', 'bicycle': 'yes', 'foot': 'yes', 'lanes': '2', 'motor_vehicle': 'yes', 'name': 'Postal Highway', 'oneway': 'no', 'ref': 'NH5', 'ref:old': 'H17', 'surface': 'asphalt'}"
53,521119006,{},way,modify,{},{},"{""highway"": {""old"": ""trunk"", ""new"": ""primary""}}",136438993,2023-05-23T05:56:42Z,Heinz_V,91490,"{'bicycle': 'yes', 'foot': 'yes', 'highway': 'primary', 'motor_vehicle': 'yes', 'name': 'Postal Highway', 'oneway': 'no', 'ref': 'NH5', 'ref:old': 'H17', 'surface': 'asphalt', 'tracktype': 'grade4'}","{'highway': 'trunk', 'bicycle': 'yes', 'foot': 'yes', 'motor_vehicle': 'yes', 'name': 'Postal Highway', 'oneway': 'no', 'ref': 'NH5', 'ref:old': 'H17', 'surface': 'asphalt', 'tracktype': 'grade4'}"
54,1127710525,{},way,modify,{},{},"{""highway"": {""old"": ""trunk"", ""new"": ""primary""}}",136438993,2023-05-23T05:56:42Z,Heinz_V,91490,"{'bicycle': 'yes', 'foot': 'yes', 'highway': 'primary', 'motor_vehicle': 'yes', 'name': 'Postal Highway', 'oneway': 'no', 'ref': 'NH5', 'ref:old': 'H17', 'surface': 'asphalt'}","{'highway': 'trunk', 'bicycle': 'yes', 'foot': 'yes', 'motor_vehicle': 'yes', 'name': 'Postal Highway', 'oneway': 'no', 'ref': 'NH5', 'ref:old': 'H17', 'surface': 'asphalt'}"
55,1135136321,{},way,modify,{},{},"{""highway"": {""old"": ""trunk"", ""new"": ""primary""}}",136438993,2023-05-23T05:56:42Z,Heinz_V,91490,"{'bridge': 'yes', 'highway': 'primary', 'layer': '1', 'name': 'Postal Highway', 'oneway': 'no', 'ref': 'NH5', 'ref:old': 'H17', 'surface': 'asphalt'}","{'highway': 'trunk', 'bridge': 'yes', 'layer': '1', 'name': 'Postal Highway', 'oneway': 'no', 'ref': 'NH5', 'ref:old': 'H17', 'surface': 'asphalt'}"
56,120032858,Madan Bhandari Path,way,modify,{},{},{},136438379,2023-05-23T05:30:22Z,marek kleciak,338611,"{'highway': 'primary', 'name': 'à¤®à¤¦à¤¨ à¤\xadà¤£à¥\x8dà¤¡à¤¾à¤°à¥\x80 à¤ªà¤¥', 'name:en': 'Madan Bhandari Path', 'name:ne': 'à¤®à¤¦à¤¨ à¤\xadà¤£à¥\x8dà¤¡à¤¾à¤°à¥\x80 à¤ªà¤¥', 'oneway': 'yes', 'ref': 'NH34', 'ref:old': 'H03'}","{'highway': 'primary', 'name': 'à¤®à¤¦à¤¨ à¤\xadà¤£à¥\x8dà¤¡à¤¾à¤°à¥\x80 à¤ªà¤¥', 'name:en': 'Madan Bhandari Path', 'name:ne': 'à¤®à¤¦à¤¨ à¤\xadà¤£à¥\x8dà¤¡à¤¾à¤°à¥\x80 à¤ªà¤¥', 'oneway': 'yes', 'ref': 'NH34', 'ref:old': 'H03'}"
57,591355894,Madan Bhandari Path,way,modify,{},{},{},136438379,2023-05-23T05:30:22Z,marek kleciak,338611,"{'alt_name': 'Araniko Highway', 'foot': 'designated', 'highway': 'primary', 'int_name': 'Ring Road', 'lanes': '4', 'maxspeed': '40', 'name': 'à¤®à¤¦à¤¨ à¤\xadà¤£à¥\x8dà¤¡à¤¾à¤°à¥\x80 à¤ªà¤¥', 'name:en': 'Madan Bhandari Path', 'name:ne': 'à¤®à¤¦à¤¨ à¤\xadà¤£à¥\x8dà¤¡à¤¾à¤°à¥\x80 à¤ªà¤¥', 'oneway': 'yes', 'ref': 'NH34', 'ref:old': 'NH34', 'source': 'Bing', 'surface': 'paved', 'watch:80n': 'Katmandu'}","{'alt_name': 'Araniko Highway', 'foot': 'designated', 'highway': 'primary', 'int_name': 'Ring Road', 'lanes': '4', 'maxspeed': '40', 'name': 'à¤®à¤¦à¤¨ à¤\xadà¤£à¥\x8dà¤¡à¤¾à¤°à¥\x80 à¤ªà¤¥', 'name:en': 'Madan Bhandari Path', 'name:ne': 'à¤®à¤¦à¤¨ à¤\xadà¤£à¥\x8dà¤¡à¤¾à¤°à¥\x80 à¤ªà¤¥', 'oneway': 'yes', 'ref': 'NH34', 'ref:old': 'NH34', 'source': 'Bing', 'surface': 'paved', 'watch:80n': 'Katmandu'}"
58,231880681,Madan Bhandari Path,way,modify,{},{},{},136438319,2023-05-23T05:27:40Z,marek kleciak,338611,"{'highway': 'primary', 'lanes': '2', 'name': 'à¤®à¤¦à¤¨ à¤\xadà¤£à¥\x8dà¤¡à¤¾à¤°à¥\x80 à¤ªà¤¥', 'name:en': 'Madan Bhandari Path', 'name:ne': 'à¤®à¤¦à¤¨ à¤\xadà¤£à¥\x8dà¤¡à¤¾à¤°à¥\x80 à¤ªà¤¥', 'oneway': 'yes', 'ref': 'NH34', 'ref:old': 'H03'}","{'highway': 'primary', 'lanes': '2', 'name': 'à¤®à¤¦à¤¨ à¤\xadà¤£à¥\x8dà¤¡à¤¾à¤°à¥\x80 à¤ªà¤¥', 'name:en': 'Madan Bhandari Path', 'name:ne': 'à¤®à¤¦à¤¨ à¤\xadà¤£à¥\x8dà¤¡à¤¾à¤°à¥\x80 à¤ªà¤¥', 'oneway': 'yes', 'ref': 'NH34', 'ref:old': 'H03'}"
59,170533898,Madan Bhandari Path,way,modify,{},{},{},136438221,2023-05-23T05:23:02Z,marek kleciak,338611,"{'alt_name': 'Araniko Highway', 'highway': 'primary', 'lanes': '2', 'maxspeed': '40', 'name': 'à¤®à¤¦à¤¨ à¤\xadà¤£à¥\x8dà¤¡à¤¾à¤°à¥\x80 à¤ªà¤¥', 'name:en': 'Madan Bhandari Path', 'name:ne': 'à¤®à¤¦à¤¨ à¤\xadà¤£à¥\x8dà¤¡à¤¾à¤°à¥\x80 à¤ªà¤¥', 'oneway': 'yes', 'ref': 'NH34', 'ref:old': 'H03', 'surface': 'paved'}","{'alt_name': 'Araniko Highway', 'highway': 'primary', 'lanes': '2', 'maxspeed': '40', 'name': 'à¤®à¤¦à¤¨ à¤\xadà¤£à¥\x8dà¤¡à¤¾à¤°à¥\x80 à¤ªà¤¥', 'name:en': 'Madan Bhandari Path', 'name:ne': 'à¤®à¤¦à¤¨ à¤\xadà¤£à¥\x8dà¤¡à¤¾à¤°à¥\x80 à¤ªà¤¥', 'oneway': 'yes', 'ref': 'NH34', 'ref:old': 'H03', 'surface': 'paved'}"
60,215508154,Madan Bhandari Path,way,modify,{},{},{},136438221,2023-05-23T05:23:02Z,marek kleciak,338611,"{'highway': 'primary', 'lanes': '2', 'name': 'à¤®à¤¦à¤¨ à¤\xadà¤£à¥\x8dà¤¡à¤¾à¤°à¥\x80 à¤ªà¤¥', 'name:en': 'Madan Bhandari Path', 'name:ne': 'à¤®à¤¦à¤¨ à¤\xadà¤£à¥\x8dà¤¡à¤¾à¤°à¥\x80 à¤ªà¤¥', 'oneway': 'yes', 'ref': 'NH34', 'ref:old': 'H03'}","{'highway': 'primary', 'lanes': '2', 'name': 'à¤®à¤¦à¤¨ à¤\xadà¤£à¥\x8dà¤¡à¤¾à¤°à¥\x80 à¤ªà¤¥', 'name:en': 'Madan Bhandari Path', 'name:ne': 'à¤®à¤¦à¤¨ à¤\xadà¤£à¥\x8dà¤¡à¤¾à¤°à¥\x80 à¤ªà¤¥', 'oneway': 'yes', 'ref': 'NH34', 'ref:old': 'H03'}"
61,231880681,Madan Bhandari Path,way,modify,{},{},{},136438221,2023-05-23T05:23:02Z,marek kleciak,338611,"{'highway': 'primary', 'lanes': '2', 'name': 'à¤®à¤¦à¤¨ à¤\xadà¤£à¥\x8dà¤¡à¤¾à¤°à¥\x80 à¤ªà¤¥', 'name:en': 'Madan Bhandari Path', 'name:ne': 'à¤®à¤¦à¤¨ à¤\xadà¤£à¥\x8dà¤¡à¤¾à¤°à¥\x80 à¤ªà¤¥', 'oneway': 'yes', 'ref': 'NH34', 'ref:old': 'H03'}","{'highway': 'primary', 'lanes': '2', 'name': 'à¤®à¤¦à¤¨ à¤\xadà¤£à¥\x8dà¤¡à¤¾à¤°à¥\x80 à¤ªà¤¥', 'name:en': 'Madan Bhandari Path', 'name:ne': 'à¤®à¤¦à¤¨ à¤\xadà¤£à¥\x8dà¤¡à¤¾à¤°à¥\x80 à¤ªà¤¥', 'oneway': 'yes', 'ref': 'NH34', 'ref:old': 'H03'}"
62,670112951,{},way,modify,"{""lanes"": ""2""}",{},{},136438063,2023-05-23T05:13:56Z,marek kleciak,338611,"{'highway': 'primary', 'lanes': '2', 'oneway': 'yes'}","{'oneway': 'yes', 'highway': 'primary'}"
63,1090811373,{},way,modify,"{""lanes"": ""2""}",{},{},136438063,2023-05-23T05:13:56Z,marek kleciak,338611,"{'highway': 'primary', 'lanes': '2', 'oneway': 'yes'}","{'oneway': 'yes', 'highway': 'primary'}"
64,1091658642,{},way,delete,{},"{""highway"": ""primary"", ""oneway"": ""yes""}",{},136438063,2023-05-23T05:13:56Z,marek kleciak,338611,{},"{'highway': 'primary', 'oneway': 'yes'}"
65,1126627065,{},way,modify,{},{},{},136438063,2023-05-23T05:13:56Z,marek kleciak,338611,"{'highway': 'primary', 'oneway': 'yes'}","{'highway': 'primary', 'oneway': 'yes'}"
66,268086279,{},way,modify,{},{},"{""highway"": {""old"": ""secondary"", ""new"": ""primary""}}",136437753,2023-05-23T04:57:02Z,Heinz_V,91490,"{'bridge': 'yes', 'bridge:structure': 'truss', 'highway': 'primary', 'layer': '1', 'length': '20', 'name': 'Karnali Rajmarg', 'ref': 'NH61', 'ref:old': 'H13', 'source': 'yil2020', 'width': '3'}","{'highway': 'secondary', 'bridge': 'yes', 'bridge:structure': 'truss', 'layer': '1', 'length': '20', 'name': 'Karnali Rajmarg', 'ref': 'NH61', 'ref:old': 'H13', 'source': 'yil2020', 'width': '3'}"
67,335767514,{},way,modify,{},{},"{""highway"": {""old"": ""secondary"", ""new"": ""primary""}}",136437753,2023-05-23T04:57:02Z,Heinz_V,91490,"{'highway': 'primary', 'maxspeed': '30', 'name': 'Karnali Highway', 'ref': 'NH61', 'ref:old': 'H13', 'source': 'yil2020', 'surface': 'paved'}","{'highway': 'secondary', 'maxspeed': '30', 'name': 'Karnali Highway', 'ref': 'NH61', 'ref:old': 'H13', 'source': 'yil2020', 'surface': 'paved'}"
68,335818855,{},way,modify,{},{},"{""highway"": {""old"": ""secondary"", ""new"": ""primary""}}",136437753,2023-05-23T04:57:02Z,Heinz_V,91490,"{'highway': 'primary', 'name': 'Karnali Rajmarg', 'ref': 'NH58', 'ref:old': 'H13', 'surface': 'asphalt'}","{'highway': 'secondary', 'name': 'Karnali Rajmarg', 'ref': 'NH58', 'ref:old': 'H13', 'surface': 'asphalt'}"
69,335818856,{},way,modify,{},{},"{""highway"": {""old"": ""secondary"", ""new"": ""primary""}}",136437753,2023-05-23T04:57:02Z,Heinz_V,91490,"{'bridge': 'yes', 'highway': 'primary', 'layer': '1', 'name': 'Karnali Rajmarg', 'ref': 'NH58', 'ref:old': 'H13', 'surface': 'asphalt'}","{'highway': 'secondary', 'bridge': 'yes', 'layer': '1', 'name': 'Karnali Rajmarg', 'ref': 'NH58', 'ref:old': 'H13', 'surface': 'asphalt'}"
70,335818857,{},way,modify,{},{},"{""highway"": {""old"": ""secondary"", ""new"": ""primary""}}",136437753,2023-05-23T04:57:02Z,Heinz_V,91490,"{'bridge': 'yes', 'highway': 'primary', 'layer': '1', 'name': 'Karnali Rajmarg', 'ref': 'NH58', 'ref:old': 'H13', 'surface': 'asphalt'}","{'highway': 'secondary', 'bridge': 'yes', 'layer': '1', 'name': 'Karnali Rajmarg', 'ref': 'NH58', 'ref:old': 'H13', 'surface': 'asphalt'}"
71,335818858,{},way,modify,{},{},"{""highway"": {""old"": ""secondary"", ""new"": ""primary""}}",136437753,2023-05-23T04:57:02Z,Heinz_V,91490,"{'bridge': 'yes', 'highway': 'primary', 'layer': '1', 'name': 'Karnali Rajmarg', 'ref': 'NH58', 'ref:old': 'H13', 'surface': 'asphalt'}","{'highway': 'secondary', 'bridge': 'yes', 'layer': '1', 'name': 'Karnali Rajmarg', 'ref': 'NH58', 'ref:old': 'H13', 'surface': 'asphalt'}"
72,335818859,{},way,modify,{},{},"{""highway"": {""old"": ""secondary"", ""new"": ""primary""}}",136437753,2023-05-23T04:57:02Z,Heinz_V,91490,"{'bridge': 'yes', 'highway': 'primary', 'layer': '1', 'name': 'Karnali Rajmarg', 'ref': 'NH58', 'ref:old': 'H13', 'surface': 'asphalt'}","{'highway': 'secondary', 'bridge': 'yes', 'layer': '1', 'name': 'Karnali Rajmarg', 'ref': 'NH58', 'ref:old': 'H13', 'surface': 'asphalt'}"
73,335818860,{},way,modify,{},{},"{""highway"": {""old"": ""secondary"", ""new"": ""primary""}}",136437753,2023-05-23T04:57:02Z,Heinz_V,91490,"{'highway': 'primary', 'name': 'Karnali Rajmarg', 'ref': 'NH58', 'ref:old': 'H13', 'surface': 'asphalt'}","{'highway': 'secondary', 'name': 'Karnali Rajmarg', 'ref': 'NH58', 'ref:old': 'H13', 'surface': 'asphalt'}"
74,335818861,{},way,modify,{},{},"{""highway"": {""old"": ""secondary"", ""new"": ""primary""}}",136437753,2023-05-23T04:57:02Z,Heinz_V,91490,"{'highway': 'primary', 'name': 'Karnali Rajmarg', 'ref': 'NH58', 'ref:old': 'H13', 'surface': 'asphalt'}","{'highway': 'secondary', 'name': 'Karnali Rajmarg', 'ref': 'NH58', 'ref:old': 'H13', 'surface': 'asphalt'}"
75,335818862,{},way,modify,{},{},"{""highway"": {""old"": ""secondary"", ""new"": ""primary""}}",136437753,2023-05-23T04:57:02Z,Heinz_V,91490,"{'bridge': 'yes', 'highway': 'primary', 'layer': '1', 'name': 'Karnali Rajmarg', 'ref': 'NH58', 'ref:old': 'H13', 'surface': 'asphalt'}","{'highway': 'secondary', 'bridge': 'yes', 'layer': '1', 'name': 'Karnali Rajmarg', 'ref': 'NH58', 'ref:old': 'H13', 'surface': 'asphalt'}"
76,335818863,{},way,modify,{},{},"{""highway"": {""old"": ""secondary"", ""new"": ""primary""}}",136437753,2023-05-23T04:57:02Z,Heinz_V,91490,"{'highway': 'primary', 'name': 'Karnali Rajmarg', 'ref': 'NH58', 'ref:old': 'H13', 'surface': 'asphalt'}","{'highway': 'secondary', 'name': 'Karnali Rajmarg', 'ref': 'NH58', 'ref:old': 'H13', 'surface': 'asphalt'}"
77,335818864,{},way,modify,{},{},"{""highway"": {""old"": ""secondary"", ""new"": ""primary""}}",136437753,2023-05-23T04:57:02Z,Heinz_V,91490,"{'highway': 'primary', 'name': 'Karnali Rajmarg', 'ref': 'NH58', 'ref:old': 'H13', 'surface': 'asphalt'}","{'highway': 'secondary', 'name': 'Karnali Rajmarg', 'ref': 'NH58', 'ref:old': 'H13', 'surface': 'asphalt'}"
78,335818865,{},way,modify,{},{},"{""highway"": {""old"": ""secondary"", ""new"": ""primary""}}",136437753,2023-05-23T04:57:02Z,Heinz_V,91490,"{'highway': 'primary', 'name': 'Karnali Rajmarg', 'ref': 'NH58', 'ref:old': 'H13', 'source': 'yil2020', 'surface': 'paved'}","{'highway': 'secondary', 'name': 'Karnali Rajmarg', 'ref': 'NH58', 'ref:old': 'H13', 'source': 'yil2020', 'surface': 'paved'}"
79,380369382,{},way,modify,{},{},"{""highway"": {""old"": ""secondary"", ""new"": ""primary""}}",136437753,2023-05-23T04:57:02Z,Heinz_V,91490,"{'highway': 'primary', 'maxspeed': '30', 'name': 'Karnali Highway', 'oneway': 'no', 'ref': 'NH61', 'ref:old': 'H13', 'source': 'yil2020', 'surface': 'paved'}","{'highway': 'secondary', 'maxspeed': '30', 'name': 'Karnali Highway', 'oneway': 'no', 'ref': 'NH61', 'ref:old': 'H13', 'source': 'yil2020', 'surface': 'paved'}"
80,844689904,{},way,modify,{},{},"{""highway"": {""old"": ""secondary"", ""new"": ""primary""}}",136437753,2023-05-23T04:57:02Z,Heinz_V,91490,"{'bridge': 'yes', 'bridge:structure': 'truss', 'highway': 'primary', 'layer': '1', 'length': '15', 'level': '1', 'maxspeed': '30', 'name': 'Karnali Highway', 'oneway': 'no', 'ref': 'NH61', 'ref:old': 'H13', 'source': 'yil2020', 'surface': 'paved', 'width': '5'}","{'highway': 'secondary', 'bridge': 'yes', 'bridge:structure': 'truss', 'layer': '1', 'length': '15', 'level': '1', 'maxspeed': '30', 'name': 'Karnali Highway', 'oneway': 'no', 'ref': 'NH61', 'ref:old': 'H13', 'source': 'yil2020', 'surface': 'paved', 'width': '5'}"
81,844689906,{},way,modify,{},{},"{""highway"": {""old"": ""secondary"", ""new"": ""primary""}}",136437753,2023-05-23T04:57:02Z,Heinz_V,91490,"{'highway': 'primary', 'maxspeed': '30', 'name': 'Karnali Highway', 'oneway': 'no', 'ref': 'NH61', 'ref:old': 'H13', 'source': 'yil2020', 'surface': 'paved'}","{'highway': 'secondary', 'maxspeed': '30', 'name': 'Karnali Highway', 'oneway': 'no', 'ref': 'NH61', 'ref:old': 'H13', 'source': 'yil2020', 'surface': 'paved'}"
82,893221581,{},way,modify,{},{},"{""highway"": {""old"": ""secondary"", ""new"": ""primary""}}",136437753,2023-05-23T04:57:02Z,Heinz_V,91490,"{'highway': 'primary', 'name': 'Karnali Rajmarg', 'ref': 'NH61', 'ref:old': 'H13', 'source': 'yil2020', 'surface': 'asphalt'}","{'highway': 'secondary', 'name': 'Karnali Rajmarg', 'ref': 'NH61', 'ref:old': 'H13', 'source': 'yil2020', 'surface': 'asphalt'}"
83,893221582,{},way,modify,{},{},"{""highway"": {""old"": ""secondary"", ""new"": ""primary""}}",136437753,2023-05-23T04:57:02Z,Heinz_V,91490,"{'highway': 'primary', 'name': 'Karnali Rajmarg', 'ref': 'NH61', 'ref:old': 'H13', 'source': 'yil2020', 'surface': 'paved'}","{'highway': 'secondary', 'name': 'Karnali Rajmarg', 'ref': 'NH61', 'ref:old': 'H13', 'source': 'yil2020', 'surface': 'paved'}"
84,894567888,{},way,modify,{},{},"{""highway"": {""old"": ""secondary"", ""new"": ""primary""}}",136437753,2023-05-23T04:57:02Z,Heinz_V,91490,"{'highway': 'primary', 'maxspeed': '30', 'name': 'Karnali Highway', 'ref': 'NH61', 'ref:old': 'H13', 'source': 'yil2020', 'surface': 'paved'}","{'highway': 'secondary', 'maxspeed': '30', 'name': 'Karnali Highway', 'ref': 'NH61', 'ref:old': 'H13', 'source': 'yil2020', 'surface': 'paved'}"
85,894595973,{},way,modify,{},{},"{""highway"": {""old"": ""secondary"", ""new"": ""primary""}}",136437753,2023-05-23T04:57:02Z,Heinz_V,91490,"{'highway': 'primary', 'maxspeed': '30', 'name': 'Karnali Highway', 'oneway': 'no', 'ref': 'NH61', 'ref:old': 'H13', 'source': 'yil2020', 'surface': 'paved'}","{'highway': 'secondary', 'maxspeed': '30', 'name': 'Karnali Highway', 'oneway': 'no', 'ref': 'NH61', 'ref:old': 'H13', 'source': 'yil2020', 'surface': 'paved'}"
86,894595974,{},way,modify,{},{},"{""highway"": {""old"": ""secondary"", ""new"": ""primary""}}",136437753,2023-05-23T04:57:02Z,Heinz_V,91490,"{'highway': 'primary', 'name': 'Karnali Rajmarg', 'ref': 'NH61', 'ref:old': 'H13', 'source': 'yil2020', 'surface': 'asphalt'}","{'highway': 'secondary', 'name': 'Karnali Rajmarg', 'ref': 'NH61', 'ref:old': 'H13', 'source': 'yil2020', 'surface': 'asphalt'}"
87,1130551714,{},way,modify,{},{},"{""highway"": {""old"": ""secondary"", ""new"": ""primary""}}",136437753,2023-05-23T04:57:02Z,Heinz_V,91490,"{'highway': 'primary', 'name': 'Karnali Rajmarg', 'ref': 'NH61', 'ref:old': 'H13', 'source': 'yil2020', 'surface': 'paved'}","{'highway': 'secondary', 'name': 'Karnali Rajmarg', 'ref': 'NH61', 'ref:old': 'H13', 'source': 'yil2020', 'surface': 'paved'}"
88,670112951,{},way,modify,{},{},{},136437352,2023-05-23T04:31:41Z,marek kleciak,338611,"{'highway': 'primary', 'oneway': 'yes'}","{'highway': 'primary', 'oneway': 'yes'}"
89,1090811373,{},way,modify,{},{},{},136437352,2023-05-23T04:31:41Z,marek kleciak,338611,"{'highway': 'primary', 'oneway': 'yes'}","{'highway': 'primary', 'oneway': 'yes'}"
90,1091000036,{},way,modify,{},{},{},136437352,2023-05-23T04:31:41Z,marek kleciak,338611,"{'highway': 'primary', 'oneway': 'yes'}","{'highway': 'primary', 'oneway': 'yes'}"
91,670112944,{},way,modify,{},{},{},136425085,2023-05-22T17:58:01Z,marek kleciak,338611,"{'highway': 'primary', 'oneway': 'yes'}","{'highway': 'primary', 'oneway': 'yes'}"
92,1126627064,{},way,modify,{},{},{},136425085,2023-05-22T17:58:01Z,marek kleciak,338611,"{'bridge': 'yes', 'highway': 'primary', 'layer': '1', 'oneway': 'yes'}","{'bridge': 'yes', 'highway': 'primary', 'layer': '1', 'oneway': 'yes'}"
93,1126627065,{},way,modify,{},{},{},136425085,2023-05-22T17:58:01Z,marek kleciak,338611,"{'highway': 'primary', 'oneway': 'yes'}","{'highway': 'primary', 'oneway': 'yes'}"
94,120032858,Madan Bhandari Path,way,modify,{},{},{},136407490,2023-05-22T10:57:14Z,marek kleciak,338611,"{'highway': 'primary', 'name': 'à¤®à¤¦à¤¨ à¤\xadà¤£à¥\x8dà¤¡à¤¾à¤°à¥\x80 à¤ªà¤¥', 'name:en': 'Madan Bhandari Path', 'name:ne': 'à¤®à¤¦à¤¨ à¤\xadà¤£à¥\x8dà¤¡à¤¾à¤°à¥\x80 à¤ªà¤¥', 'oneway': 'yes', 'ref': 'NH34', 'ref:old': 'H03'}","{'highway': 'primary', 'name': 'à¤®à¤¦à¤¨ à¤\xadà¤£à¥\x8dà¤¡à¤¾à¤°à¥\x80 à¤ªà¤¥', 'name:en': 'Madan Bhandari Path', 'name:ne': 'à¤®à¤¦à¤¨ à¤\xadà¤£à¥\x8dà¤¡à¤¾à¤°à¥\x80 à¤ªà¤¥', 'oneway': 'yes', 'ref': 'NH34', 'ref:old': 'H03'}"
95,170533898,Madan Bhandari Path,way,modify,{},{},{},136407490,2023-05-22T10:57:14Z,marek kleciak,338611,"{'alt_name': 'Araniko Highway', 'highway': 'primary', 'lanes': '2', 'maxspeed': '40', 'name': 'à¤®à¤¦à¤¨ à¤\xadà¤£à¥\x8dà¤¡à¤¾à¤°à¥\x80 à¤ªà¤¥', 'name:en': 'Madan Bhandari Path', 'name:ne': 'à¤®à¤¦à¤¨ à¤\xadà¤£à¥\x8dà¤¡à¤¾à¤°à¥\x80 à¤ªà¤¥', 'oneway': 'yes', 'ref': 'NH34', 'ref:old': 'H03', 'surface': 'paved'}","{'alt_name': 'Araniko Highway', 'highway': 'primary', 'lanes': '2', 'maxspeed': '40', 'name': 'à¤®à¤¦à¤¨ à¤\xadà¤£à¥\x8dà¤¡à¤¾à¤°à¥\x80 à¤ªà¤¥', 'name:en': 'Madan Bhandari Path', 'name:ne': 'à¤®à¤¦à¤¨ à¤\xadà¤£à¥\x8dà¤¡à¤¾à¤°à¥\x80 à¤ªà¤¥', 'oneway': 'yes', 'ref': 'NH34', 'ref:old': 'H03', 'surface': 'paved'}"
96,231880681,Madan Bhandari Path,way,modify,{},{},{},136407490,2023-05-22T10:57:14Z,marek kleciak,338611,"{'highway': 'primary', 'lanes': '2', 'name': 'à¤®à¤¦à¤¨ à¤\xadà¤£à¥\x8dà¤¡à¤¾à¤°à¥\x80 à¤ªà¤¥', 'name:en': 'Madan Bhandari Path', 'name:ne': 'à¤®à¤¦à¤¨ à¤\xadà¤£à¥\x8dà¤¡à¤¾à¤°à¥\x80 à¤ªà¤¥', 'oneway': 'yes', 'ref': 'NH34', 'ref:old': 'H03'}","{'highway': 'primary', 'lanes': '2', 'name': 'à¤®à¤¦à¤¨ à¤\xadà¤£à¥\x8dà¤¡à¤¾à¤°à¥\x80 à¤ªà¤¥', 'name:en': 'Madan Bhandari Path', 'name:ne': 'à¤®à¤¦à¤¨ à¤\xadà¤£à¥\x8dà¤¡à¤¾à¤°à¥\x80 à¤ªà¤¥', 'oneway': 'yes', 'ref': 'NH34', 'ref:old': 'H03'}"
97,232095629,Madan Bhandari Path,way,modify,{},{},{},136407490,2023-05-22T10:57:14Z,marek kleciak,338611,"{'highway': 'primary', 'lanes': '2', 'name': 'à¤®à¤¦à¤¨ à¤\xadà¤£à¥\x8dà¤¡à¤¾à¤°à¥\x80 à¤ªà¤¥', 'name:en': 'Madan Bhandari Path', 'name:ne': 'à¤®à¤¦à¤¨ à¤\xadà¤£à¥\x8dà¤¡à¤¾à¤°à¥\x80 à¤ªà¤¥', 'oneway': 'yes', 'ref': 'NH34', 'ref:old': 'H03'}","{'highway': 'primary', 'lanes': '2', 'name': 'à¤®à¤¦à¤¨ à¤\xadà¤£à¥\x8dà¤¡à¤¾à¤°à¥\x80 à¤ªà¤¥', 'name:en': 'Madan Bhandari Path', 'name:ne': 'à¤®à¤¦à¤¨ à¤\xadà¤£à¥\x8dà¤¡à¤¾à¤°à¥\x80 à¤ªà¤¥', 'oneway': 'yes', 'ref': 'NH34', 'ref:old': 'H03'}"
98,591355894,Madan Bhandari Path,way,modify,{},{},{},136407490,2023-05-22T10:57:14Z,marek kleciak,338611,"{'alt_name': 'Araniko Highway', 'foot': 'designated', 'highway': 'primary', 'int_name': 'Ring Road', 'lanes': '4', 'maxspeed': '40', 'name': 'à¤®à¤¦à¤¨ à¤\xadà¤£à¥\x8dà¤¡à¤¾à¤°à¥\x80 à¤ªà¤¥', 'name:en': 'Madan Bhandari Path', 'name:ne': 'à¤®à¤¦à¤¨ à¤\xadà¤£à¥\x8dà¤¡à¤¾à¤°à¥\x80 à¤ªà¤¥', 'oneway': 'yes', 'ref': 'NH34', 'ref:old': 'NH34', 'source': 'Bing', 'surface': 'paved', 'watch:80n': 'Katmandu'}","{'alt_name': 'Araniko Highway', 'foot': 'designated', 'highway': 'primary', 'int_name': 'Ring Road', 'lanes': '4', 'maxspeed': '40', 'name': 'à¤®à¤¦à¤¨ à¤\xadà¤£à¥\x8dà¤¡à¤¾à¤°à¥\x80 à¤ªà¤¥', 'name:en': 'Madan Bhandari Path', 'name:ne': 'à¤®à¤¦à¤¨ à¤\xadà¤£à¥\x8dà¤¡à¤¾à¤°à¥\x80 à¤ªà¤¥', 'oneway': 'yes', 'ref': 'NH34', 'ref:old': 'NH34', 'source': 'Bing', 'surface': 'paved', 'watch:80n': 'Katmandu'}"
99,1128214829,{},way,modify,{},{},"{""highway"": {""old"": ""unclassified"", ""new"": ""primary""}}",136402560,2023-05-22T09:02:32Z,Heinz_V,91490,"{'highway': 'primary', 'ref': 'NH20', 'ref:old': 'F201'}","{'highway': 'unclassified', 'ref': 'NH20', 'ref:old': 'F201'}"
100,24684520,Balaju Machha Pokhari - Bypass,way,modify,{},{},"{""highway"": {""old"": ""secondary"", ""new"": ""primary""}}",136401971,2023-05-22T08:50:18Z,Heinz_V,91490,"{'highway': 'primary', 'lanes': '2', 'name': 'à¤¬à¤¾à¤²à¤¾à¤\x9cà¥\x81 à¤®à¤¾à¤\x9bà¤¾ à¤ªà¥\x8bà¤\x96à¤°à¥\x80 - à¤¬à¤¾à¤\x87à¤ªà¤¾à¤¸', 'name:en': 'Balaju Machha Pokhari - Bypass', 'name:ne': 'à¤¬à¤¾à¤²à¤¾à¤\x9cà¥\x81 à¤®à¤¾à¤\x9bà¤¾ à¤ªà¥\x8bà¤\x96à¤°à¥\x80 - à¤¬à¤¾à¤\x87à¤ªà¤¾à¤¸', 'ref': 'NH18', 'route': 'Micro', 'surface': 'paved', 'type': 'route'}","{'highway': 'secondary', 'lanes': '2', 'name': 'à¤¬à¤¾à¤²à¤¾à¤\x9cà¥\x81 à¤®à¤¾à¤\x9bà¤¾ à¤ªà¥\x8bà¤\x96à¤°à¥\x80 - à¤¬à¤¾à¤\x87à¤ªà¤¾à¤¸', 'name:en': 'Balaju Machha Pokhari - Bypass', 'name:ne': 'à¤¬à¤¾à¤²à¤¾à¤\x9cà¥\x81 à¤®à¤¾à¤\x9bà¤¾ à¤ªà¥\x8bà¤\x96à¤°à¥\x80 - à¤¬à¤¾à¤\x87à¤ªà¤¾à¤¸', 'ref': 'NH18', 'route': 'Micro', 'surface': 'paved', 'type': 'route'}"
101,24691222,Ganeshman Singh Path,way,modify,{},{},{},136396741,2023-05-22T06:37:42Z,marek kleciak,338611,"{'alt_name': 'Tribhuvan Rajpath', 'highway': 'primary', 'lanes': '4', 'maxspeed': '30', 'name': 'à¤\x97à¤£à¥\x87à¤¶à¤®à¤¾à¤¨ à¤¸à¤¿à¤\x82à¤¹ à¤ªà¤¥', 'name:en': 'Ganeshman Singh Path', 'name:ne': 'à¤\x97à¤£à¥\x87à¤¶à¤®à¤¾à¤¨ à¤¸à¤¿à¤\x82à¤¹ à¤ªà¤¥', 'oneway': 'no', 'ref': 'NH41', 'ref:old': 'H02', 'surface': 'asphalt'}","{'alt_name': 'Tribhuvan Rajpath', 'highway': 'primary', 'lanes': '4', 'maxspeed': '30', 'name': 'à¤\x97à¤£à¥\x87à¤¶à¤®à¤¾à¤¨ à¤¸à¤¿à¤\x82à¤¹ à¤ªà¤¥', 'name:en': 'Ganeshman Singh Path', 'name:ne': 'à¤\x97à¤£à¥\x87à¤¶à¤®à¤¾à¤¨ à¤¸à¤¿à¤\x82à¤¹ à¤ªà¤¥', 'oneway': 'no', 'ref': 'NH41', 'ref:old': 'H02', 'surface': 'asphalt'}"
102,120353050,Tripureshwar Marg,way,modify,{},{},{},136396741,2023-05-22T06:37:42Z,marek kleciak,338611,"{'alt_name': 'Tribhuvan Rajpath', 'highway': 'primary', 'lanes': '4', 'name': 'à¤¤à¥\x8dà¤°à¤¿à¤ªà¥\x81à¤°à¥\x87à¤¶à¥\x8dà¤µà¤° à¤®à¤¾à¤°à¥\x8dà¤\x97', 'name:en': 'Tripureshwar Marg', 'name:ne': 'à¤¤à¥\x8dà¤°à¤¿à¤ªà¥\x81à¤°à¥\x87à¤¶à¥\x8dà¤µà¤° à¤®à¤¾à¤°à¥\x8dà¤\x97', 'oneway': 'no', 'ref': 'NH41', 'ref:old': 'H02', 'surface': 'paved'}","{'alt_name': 'Tribhuvan Rajpath', 'highway': 'primary', 'lanes': '4', 'name': 'à¤¤à¥\x8dà¤°à¤¿à¤ªà¥\x81à¤°à¥\x87à¤¶à¥\x8dà¤µà¤° à¤®à¤¾à¤°à¥\x8dà¤\x97', 'name:en': 'Tripureshwar Marg', 'name:ne': 'à¤¤à¥\x8dà¤°à¤¿à¤ªà¥\x81à¤°à¥\x87à¤¶à¥\x8dà¤µà¤° à¤®à¤¾à¤°à¥\x8dà¤\x97', 'oneway': 'no', 'ref': 'NH41', 'ref:old': 'H02', 'surface': 'paved'}"
103,271729295,Mechi Highway,way,modify,{},{},"{""highway"": {""old"": ""secondary"", ""new"": ""primary""}}",136362963,2023-05-21T08:30:59Z,Heinz_V,91490,"{'highway': 'primary', 'name': 'à¤®à¥\x87à¤\x9aà¥\x80 à¤°à¤¾à¤\x9cà¤®à¤¾à¤°à¥\x8dà¤\x97', 'name:en': 'Mechi Highway', 'name:ne': 'à¤®à¥\x87à¤\x9aà¥\x80 à¤°à¤¾à¤\x9cà¤®à¤¾à¤°à¥\x8dà¤\x97', 'ref': 'NH2', 'ref:old': 'H07'}","{'highway': 'secondary', 'name': 'à¤®à¥\x87à¤\x9aà¥\x80 à¤°à¤¾à¤\x9cà¤®à¤¾à¤°à¥\x8dà¤\x97', 'name:en': 'Mechi Highway', 'name:ne': 'à¤®à¥\x87à¤\x9aà¥\x80 à¤°à¤¾à¤\x9cà¤®à¤¾à¤°à¥\x8dà¤\x97', 'ref': 'NH2', 'ref:old': 'H07'}"
104,341278757,{},way,modify,{},{},"{""highway"": {""old"": ""secondary"", ""new"": ""primary""}}",136362963,2023-05-21T08:30:59Z,Heinz_V,91490,"{'highway': 'primary', 'ref': 'NH2', 'ref:old': 'H07'}","{'highway': 'secondary', 'ref': 'NH2', 'ref:old': 'H07'}"
105,341403423,Mechi Highway,way,modify,{},{},"{""highway"": {""old"": ""secondary"", ""new"": ""primary""}}",136362963,2023-05-21T08:30:59Z,Heinz_V,91490,"{'bridge': 'yes', 'highway': 'primary', 'layer': '1', 'name': 'à¤®à¥\x87à¤\x9aà¥\x80 à¤°à¤¾à¤\x9cà¤®à¤¾à¤°à¥\x8dà¤\x97', 'name:en': 'Mechi Highway', 'name:ne': 'à¤®à¥\x87à¤\x9aà¥\x80 à¤°à¤¾à¤\x9cà¤®à¤¾à¤°à¥\x8dà¤\x97', 'ref': 'NH2', 'ref:old': 'H07'}","{'highway': 'secondary', 'bridge': 'yes', 'layer': '1', 'name': 'à¤®à¥\x87à¤\x9aà¥\x80 à¤°à¤¾à¤\x9cà¤®à¤¾à¤°à¥\x8dà¤\x97', 'name:en': 'Mechi Highway', 'name:ne': 'à¤®à¥\x87à¤\x9aà¥\x80 à¤°à¤¾à¤\x9cà¤®à¤¾à¤°à¥\x8dà¤\x97', 'ref': 'NH2', 'ref:old': 'H07'}"
106,390679927,{},way,modify,{},{},"{""highway"": {""old"": ""secondary"", ""new"": ""primary""}}",136362963,2023-05-21T08:30:59Z,Heinz_V,91490,"{'highway': 'primary', 'name': 'Mechi Highway', 'ref': 'NH2'}","{'highway': 'secondary', 'name': 'Mechi Highway', 'ref': 'NH2'}"
107,475652211,{},way,modify,{},{},"{""highway"": {""old"": ""secondary"", ""new"": ""primary""}}",136362963,2023-05-21T08:30:59Z,Heinz_V,91490,"{'bridge': 'yes', 'highway': 'primary', 'layer': '1', 'ref': 'NH2', 'ref:old': 'H07'}","{'highway': 'secondary', 'bridge': 'yes', 'layer': '1', 'ref': 'NH2', 'ref:old': 'H07'}"
108,475652213,{},way,modify,{},{},"{""highway"": {""old"": ""secondary"", ""new"": ""primary""}}",136362963,2023-05-21T08:30:59Z,Heinz_V,91490,"{'highway': 'primary', 'ref': 'NH2', 'ref:old': 'H07'}","{'highway': 'secondary', 'ref': 'NH2', 'ref:old': 'H07'}"
109,475652231,{},way,modify,{},{},"{""highway"": {""old"": ""secondary"", ""new"": ""primary""}}",136362963,2023-05-21T08:30:59Z,Heinz_V,91490,"{'highway': 'primary', 'layer': '1', 'ref': 'NH2', 'ref:old': 'H07'}","{'highway': 'secondary', 'layer': '1', 'ref': 'NH2', 'ref:old': 'H07'}"
110,475652233,{},way,modify,{},{},"{""highway"": {""old"": ""secondary"", ""new"": ""primary""}}",136362963,2023-05-21T08:30:59Z,Heinz_V,91490,"{'highway': 'primary', 'ref': 'NH2', 'ref:old': 'H07'}","{'highway': 'secondary', 'ref': 'NH2', 'ref:old': 'H07'}"
111,475652237,{},way,modify,{},{},"{""highway"": {""old"": ""secondary"", ""new"": ""primary""}}",136362963,2023-05-21T08:30:59Z,Heinz_V,91490,"{'highway': 'primary', 'ref': 'NH2', 'ref:old': 'H07'}","{'highway': 'secondary', 'ref': 'NH2', 'ref:old': 'H07'}"
112,475652252,{},way,modify,{},{},"{""highway"": {""old"": ""secondary"", ""new"": ""primary""}}",136362963,2023-05-21T08:30:59Z,Heinz_V,91490,"{'bridge': 'yes', 'highway': 'primary', 'layer': '1', 'ref': 'NH2', 'ref:old': 'H07'}","{'highway': 'secondary', 'bridge': 'yes', 'layer': '1', 'ref': 'NH2', 'ref:old': 'H07'}"
113,475652256,{},way,modify,{},{},"{""highway"": {""old"": ""secondary"", ""new"": ""primary""}}",136362963,2023-05-21T08:30:59Z,Heinz_V,91490,"{'highway': 'primary', 'ref': 'NH2', 'ref:old': 'H07'}","{'highway': 'secondary', 'ref': 'NH2', 'ref:old': 'H07'}"
114,475652269,{},way,modify,{},{},"{""highway"": {""old"": ""secondary"", ""new"": ""primary""}}",136362963,2023-05-21T08:30:59Z,Heinz_V,91490,"{'highway': 'primary', 'ref': 'NH2', 'ref:old': 'H07'}","{'highway': 'secondary', 'ref': 'NH2', 'ref:old': 'H07'}"
115,475674493,{},way,modify,{},{},"{""highway"": {""old"": ""secondary"", ""new"": ""primary""}}",136362963,2023-05-21T08:30:59Z,Heinz_V,91490,"{'highway': 'primary', 'ref': 'NH2', 'ref:old': 'H07'}","{'highway': 'secondary', 'ref': 'NH2', 'ref:old': 'H07'}"
116,475674502,{},way,modify,{},{},"{""highway"": {""old"": ""secondary"", ""new"": ""primary""}}",136362963,2023-05-21T08:30:59Z,Heinz_V,91490,"{'highway': 'primary', 'ref': 'NH2', 'ref:old': 'H07'}","{'highway': 'secondary', 'ref': 'NH2', 'ref:old': 'H07'}"
117,475674504,{},way,modify,{},{},"{""highway"": {""old"": ""secondary"", ""new"": ""primary""}}",136362963,2023-05-21T08:30:59Z,Heinz_V,91490,"{'highway': 'primary', 'ref': 'NH2', 'ref:old': 'H07'}","{'highway': 'secondary', 'ref': 'NH2', 'ref:old': 'H07'}"
118,475674505,{},way,modify,{},{},"{""highway"": {""old"": ""secondary"", ""new"": ""primary""}}",136362963,2023-05-21T08:30:59Z,Heinz_V,91490,"{'highway': 'primary', 'ref': 'NH2', 'ref:old': 'H07'}","{'highway': 'secondary', 'ref': 'NH2', 'ref:old': 'H07'}"
119,670620385,Mechi Highway,way,modify,{},{},"{""highway"": {""old"": ""secondary"", ""new"": ""primary""}}",136362963,2023-05-21T08:30:59Z,Heinz_V,91490,"{'highway': 'primary', 'name': 'à¤®à¥\x87à¤\x9aà¥\x80 à¤°à¤¾à¤\x9cà¤®à¤¾à¤°à¥\x8dà¤\x97', 'name:en': 'Mechi Highway', 'name:ne': 'à¤®à¥\x87à¤\x9aà¥\x80 à¤°à¤¾à¤\x9cà¤®à¤¾à¤°à¥\x8dà¤\x97', 'ref': 'NH2', 'ref:old': 'H07'}","{'highway': 'secondary', 'name': 'à¤®à¥\x87à¤\x9aà¥\x80 à¤°à¤¾à¤\x9cà¤®à¤¾à¤°à¥\x8dà¤\x97', 'name:en': 'Mechi Highway', 'name:ne': 'à¤®à¥\x87à¤\x9aà¥\x80 à¤°à¤¾à¤\x9cà¤®à¤¾à¤°à¥\x8dà¤\x97', 'ref': 'NH2', 'ref:old': 'H07'}"
120,232095625,Madan Bhandari Path,way,modify,{},{},{},136350971,2023-05-20T19:37:52Z,marek kleciak,338611,"{'highway': 'primary', 'lanes': '2', 'lit': 'yes', 'name': 'à¤®à¤¦à¤¨ à¤\xadà¤£à¥\x8dà¤¡à¤¾à¤°à¥\x80 à¤®à¤¾à¤°à¥\x8dà¤\x97', 'name:en': 'Madan Bhandari Path', 'name:ne': 'à¤®à¤¦à¤¨ à¤\xadà¤£à¥\x8dà¤¡à¤¾à¤°à¥\x80 à¤®à¤¾à¤°à¥\x8dà¤\x97', 'oneway': 'yes', 'ref': 'NH34', 'ref:old': 'H03'}","{'highway': 'primary', 'lanes': '2', 'lit': 'yes', 'name': 'à¤®à¤¦à¤¨ à¤\xadà¤£à¥\x8dà¤¡à¤¾à¤°à¥\x80 à¤®à¤¾à¤°à¥\x8dà¤\x97', 'name:en': 'Madan Bhandari Path', 'name:ne': 'à¤®à¤¦à¤¨ à¤\xadà¤£à¥\x8dà¤¡à¤¾à¤°à¥\x80 à¤®à¤¾à¤°à¥\x8dà¤\x97', 'oneway': 'yes', 'ref': 'NH34', 'ref:old': 'H03'}"
121,183110577,{},way,modify,{},{},{},136312235,2023-05-19T18:42:37Z,marek kleciak,338611,"{'alt_name': 'Araniko Highway', 'highway': 'primary', 'lanes': '2', 'maxspeed': '40', 'name': 'Madan Bhandari Path', 'name:ne': 'à¤®à¤¦à¤¨ à¤\xadà¤£à¥\x8dà¤¡à¤¾à¤°à¥\x80 à¤ªà¤¥', 'oneway': 'yes', 'ref': 'NH34', 'ref:old': 'H03'}","{'alt_name': 'Araniko Highway', 'highway': 'primary', 'lanes': '2', 'maxspeed': '40', 'name': 'Madan Bhandari Path', 'name:ne': 'à¤®à¤¦à¤¨ à¤\xadà¤£à¥\x8dà¤¡à¤¾à¤°à¥\x80 à¤ªà¤¥', 'oneway': 'yes', 'ref': 'NH34', 'ref:old': 'H03'}"
122,221323019,Madan Bhandari Path,way,modify,{},{},{},136312235,2023-05-19T18:42:37Z,marek kleciak,338611,"{'alt_name': 'Araniko Highway', 'highway': 'primary', 'lanes': '2', 'lit': 'yes', 'maxspeed': '40', 'name': 'à¤®à¤¦à¤¨ à¤\xadà¤£à¥\x8dà¤¡à¤¾à¤°à¥\x80 à¤ªà¤¥', 'name:en': 'Madan Bhandari Path', 'name:ne': 'à¤®à¤¦à¤¨ à¤\xadà¤£à¥\x8dà¤¡à¤¾à¤°à¥\x80 à¤ªà¤¥', 'oneway': 'yes', 'ref': 'NH34', 'ref:old': 'H03'}","{'alt_name': 'Araniko Highway', 'highway': 'primary', 'lanes': '2', 'lit': 'yes', 'maxspeed': '40', 'name': 'à¤®à¤¦à¤¨ à¤\xadà¤£à¥\x8dà¤¡à¤¾à¤°à¥\x80 à¤ªà¤¥', 'name:en': 'Madan Bhandari Path', 'name:ne': 'à¤®à¤¦à¤¨ à¤\xadà¤£à¥\x8dà¤¡à¤¾à¤°à¥\x80 à¤ªà¤¥', 'oneway': 'yes', 'ref': 'NH34', 'ref:old': 'H03'}"
123,229143181,Madan Bhandari Path,way,modify,{},{},{},136312235,2023-05-19T18:42:37Z,marek kleciak,338611,"{'alt_name': 'Araniko Highway', 'highway': 'primary', 'lanes': '2', 'lit': 'yes', 'maxspeed': '40', 'name': 'à¤®à¤¦à¤¨ à¤\xadà¤£à¥\x8dà¤¡à¤¾à¤°à¥\x80 à¤ªà¤¥', 'name:en': 'Madan Bhandari Path', 'name:ne': 'à¤®à¤¦à¤¨ à¤\xadà¤£à¥\x8dà¤¡à¤¾à¤°à¥\x80 à¤ªà¤¥', 'oneway': 'yes', 'ref': 'NH34', 'ref:old': 'H03', 'surface': 'paved'}","{'alt_name': 'Araniko Highway', 'highway': 'primary', 'lanes': '2', 'lit': 'yes', 'maxspeed': '40', 'name': 'à¤®à¤¦à¤¨ à¤\xadà¤£à¥\x8dà¤¡à¤¾à¤°à¥\x80 à¤ªà¤¥', 'name:en': 'Madan Bhandari Path', 'name:ne': 'à¤®à¤¦à¤¨ à¤\xadà¤£à¥\x8dà¤¡à¤¾à¤°à¥\x80 à¤ªà¤¥', 'oneway': 'yes', 'ref': 'NH34', 'ref:old': 'H03', 'surface': 'paved'}"
124,232095625,Madan Bhandari Path,way,modify,{},{},{},136312235,2023-05-19T18:42:37Z,marek kleciak,338611,"{'highway': 'primary', 'lanes': '2', 'lit': 'yes', 'name': 'à¤®à¤¦à¤¨ à¤\xadà¤£à¥\x8dà¤¡à¤¾à¤°à¥\x80 à¤®à¤¾à¤°à¥\x8dà¤\x97', 'name:en': 'Madan Bhandari Path', 'name:ne': 'à¤®à¤¦à¤¨ à¤\xadà¤£à¥\x8dà¤¡à¤¾à¤°à¥\x80 à¤®à¤¾à¤°à¥\x8dà¤\x97', 'oneway': 'yes', 'ref': 'NH34', 'ref:old': 'H03'}","{'highway': 'primary', 'lanes': '2', 'lit': 'yes', 'name': 'à¤®à¤¦à¤¨ à¤\xadà¤£à¥\x8dà¤¡à¤¾à¤°à¥\x80 à¤®à¤¾à¤°à¥\x8dà¤\x97', 'name:en': 'Madan Bhandari Path', 'name:ne': 'à¤®à¤¦à¤¨ à¤\xadà¤£à¥\x8dà¤¡à¤¾à¤°à¥\x80 à¤®à¤¾à¤°à¥\x8dà¤\x97', 'oneway': 'yes', 'ref': 'NH34', 'ref:old': 'H03'}"
125,169339098,Madan Bhandari Path,way,modify,{},{},{},136298601,2023-05-19T12:43:24Z,marek kleciak,338611,"{'alt_name': 'Araniko Highway', 'highway': 'primary', 'lanes': '2', 'maxspeed': '40', 'name': 'à¤®à¤¦à¤¨ à¤\xadà¤£à¥\x8dà¤¡à¤¾à¤°à¥\x80 à¤ªà¤¥', 'name:en': 'Madan Bhandari Path', 'name:ne': 'à¤®à¤¦à¤¨ à¤\xadà¤£à¥\x8dà¤¡à¤¾à¤°à¥\x80 à¤ªà¤¥', 'oneway': 'yes', 'ref': 'NH34', 'ref:old': 'H03', 'surface': 'paved'}","{'alt_name': 'Araniko Highway', 'highway': 'primary', 'lanes': '2', 'maxspeed': '40', 'name': 'à¤®à¤¦à¤¨ à¤\xadà¤£à¥\x8dà¤¡à¤¾à¤°à¥\x80 à¤ªà¤¥', 'name:en': 'Madan Bhandari Path', 'name:ne': 'à¤®à¤¦à¤¨ à¤\xadà¤£à¥\x8dà¤¡à¤¾à¤°à¥\x80 à¤ªà¤¥', 'oneway': 'yes', 'ref': 'NH34', 'ref:old': 'H03', 'surface': 'paved'}"
126,169337737,Ram Shah Path,way,modify,{},{},{},136290035,2023-05-19T09:19:13Z,Sucl,19156307,"{'access': 'yes', 'bicycle': 'yes', 'foot': 'no', 'highway': 'primary', 'lanes': '1', 'maxspeed': '30', 'name': 'à¤°à¤¾à¤® à¤¶à¤¾à¤¹ à¤ªà¤¥', 'name:en': 'Ram Shah Path', 'name:ne': 'à¤°à¤¾à¤® à¤¶à¤¾à¤¹ à¤ªà¤¥', 'oneway': 'yes', 'source': 'Self', 'surface': 'paved'}","{'access': 'yes', 'bicycle': 'yes', 'foot': 'no', 'highway': 'primary', 'lanes': '1', 'maxspeed': '30', 'name': 'à¤°à¤¾à¤® à¤¶à¤¾à¤¹ à¤ªà¤¥', 'name:en': 'Ram Shah Path', 'name:ne': 'à¤°à¤¾à¤® à¤¶à¤¾à¤¹ à¤ªà¤¥', 'oneway': 'yes', 'source': 'Self', 'surface': 'paved'}"
127,231880679,Ram Shah Path,way,modify,{},{},{},136290035,2023-05-19T09:19:13Z,Sucl,19156307,"{'access': 'yes', 'bicycle': 'yes', 'foot': 'no', 'highway': 'primary', 'lanes': '1', 'maxspeed': '30', 'name': 'à¤°à¤¾à¤® à¤¶à¤¾à¤¹ à¤ªà¤¥', 'name:en': 'Ram Shah Path', 'name:ne': 'à¤°à¤¾à¤® à¤¶à¤¾à¤¹ à¤ªà¤¥', 'oneway': 'yes', 'surface': 'paved'}","{'access': 'yes', 'bicycle': 'yes', 'foot': 'no', 'highway': 'primary', 'lanes': '1', 'maxspeed': '30', 'name': 'à¤°à¤¾à¤® à¤¶à¤¾à¤¹ à¤ªà¤¥', 'name:en': 'Ram Shah Path', 'name:ne': 'à¤°à¤¾à¤® à¤¶à¤¾à¤¹ à¤ªà¤¥', 'oneway': 'yes', 'surface': 'paved'}"
128,753805314,Narayan Gopal Road,way,modify,{},"{""lanes"": ""2""}",{},136243344,2023-05-18T08:43:20Z,Manoj Thapa,781054,"{'construction:lanes': '4', 'highway': 'primary', 'name': 'à¤¨à¤¾à¤°à¤¾à¤¯à¤£ à¤\x97à¥\x8bà¤ªà¤¾à¤² à¤¸à¤¡à¤\x95', 'name:en': 'Narayan Gopal Road', 'name:ne': 'à¤¨à¤¾à¤°à¤¾à¤¯à¤£ à¤\x97à¥\x8bà¤ªà¤¾à¤² à¤¸à¤¡à¤\x95', 'ref': 'F25'}","{'lanes': '2', 'construction:lanes': '4', 'highway': 'primary', 'name': 'à¤¨à¤¾à¤°à¤¾à¤¯à¤£ à¤\x97à¥\x8bà¤ªà¤¾à¤² à¤¸à¤¡à¤\x95', 'name:en': 'Narayan Gopal Road', 'name:ne': 'à¤¨à¤¾à¤°à¤¾à¤¯à¤£ à¤\x97à¥\x8bà¤ªà¤¾à¤² à¤¸à¤¡à¤\x95', 'ref': 'F25'}"
129,169339098,Madan Bhandari Path,way,modify,{},{},{},136223192,2023-05-17T17:48:38Z,marek kleciak,338611,"{'alt_name': 'Araniko Highway', 'highway': 'primary', 'lanes': '2', 'maxspeed': '40', 'name': 'à¤®à¤¦à¤¨ à¤\xadà¤£à¥\x8dà¤¡à¤¾à¤°à¥\x80 à¤ªà¤¥', 'name:en': 'Madan Bhandari Path', 'name:ne': 'à¤®à¤¦à¤¨ à¤\xadà¤£à¥\x8dà¤¡à¤¾à¤°à¥\x80 à¤ªà¤¥', 'oneway': 'yes', 'ref': 'NH34', 'ref:old': 'H03', 'surface': 'paved'}","{'alt_name': 'Araniko Highway', 'highway': 'primary', 'lanes': '2', 'maxspeed': '40', 'name': 'à¤®à¤¦à¤¨ à¤\xadà¤£à¥\x8dà¤¡à¤¾à¤°à¥\x80 à¤ªà¤¥', 'name:en': 'Madan Bhandari Path', 'name:ne': 'à¤®à¤¦à¤¨ à¤\xadà¤£à¥\x8dà¤¡à¤¾à¤°à¥\x80 à¤ªà¤¥', 'oneway': 'yes', 'ref': 'NH34', 'ref:old': 'H03', 'surface': 'paved'}"
130,183110577,{},way,modify,{},{},{},136223192,2023-05-17T17:48:38Z,marek kleciak,338611,"{'alt_name': 'Araniko Highway', 'highway': 'primary', 'lanes': '2', 'maxspeed': '40', 'name': 'Madan Bhandari Path', 'name:ne': 'à¤®à¤¦à¤¨ à¤\xadà¤£à¥\x8dà¤¡à¤¾à¤°à¥\x80 à¤ªà¤¥', 'oneway': 'yes', 'ref': 'NH34', 'ref:old': 'H03'}","{'alt_name': 'Araniko Highway', 'highway': 'primary', 'lanes': '2', 'maxspeed': '40', 'name': 'Madan Bhandari Path', 'name:ne': 'à¤®à¤¦à¤¨ à¤\xadà¤£à¥\x8dà¤¡à¤¾à¤°à¥\x80 à¤ªà¤¥', 'oneway': 'yes', 'ref': 'NH34', 'ref:old': 'H03'}"
131,231880678,Madan Bhandari Path,way,modify,{},{},{},136223192,2023-05-17T17:48:38Z,marek kleciak,338611,"{'alt': 'Araniko Highway', 'highway': 'primary', 'lanes': '2', 'maxspeed': '40', 'name': 'à¤®à¤¦à¤¨ à¤\xadà¤£à¥\x8dà¤¡à¤¾à¤°à¥\x80 à¤ªà¤¥', 'name:en': 'Madan Bhandari Path', 'name:ne': 'à¤®à¤¦à¤¨ à¤\xadà¤£à¥\x8dà¤¡à¤¾à¤°à¥\x80 à¤ªà¤¥', 'oneway': 'yes', 'ref': 'NH34', 'ref:old': 'H03'}","{'alt': 'Araniko Highway', 'highway': 'primary', 'lanes': '2', 'maxspeed': '40', 'name': 'à¤®à¤¦à¤¨ à¤\xadà¤£à¥\x8dà¤¡à¤¾à¤°à¥\x80 à¤ªà¤¥', 'name:en': 'Madan Bhandari Path', 'name:ne': 'à¤®à¤¦à¤¨ à¤\xadà¤£à¥\x8dà¤¡à¤¾à¤°à¥\x80 à¤ªà¤¥', 'oneway': 'yes', 'ref': 'NH34', 'ref:old': 'H03'}"
132,231882050,Madan Bhandari Path,way,modify,{},{},{},136223192,2023-05-17T17:48:38Z,marek kleciak,338611,"{'alt_name': 'Araniko Highway', 'highway': 'primary', 'lanes': '2', 'maxspeed': '40', 'name': 'à¤®à¤¦à¤¨ à¤\xadà¤£à¥\x8dà¤¡à¤¾à¤°à¥\x80 à¤ªà¤¥', 'name:en': 'Madan Bhandari Path', 'name:ne': 'à¤®à¤¦à¤¨ à¤\xadà¤£à¥\x8dà¤¡à¤¾à¤°à¥\x80 à¤ªà¤¥', 'oneway': 'yes', 'ref': 'NH34', 'ref:old': 'H03', 'surface': 'asphalt'}","{'alt_name': 'Araniko Highway', 'highway': 'primary', 'lanes': '2', 'maxspeed': '40', 'name': 'à¤®à¤¦à¤¨ à¤\xadà¤£à¥\x8dà¤¡à¤¾à¤°à¥\x80 à¤ªà¤¥', 'name:en': 'Madan Bhandari Path', 'name:ne': 'à¤®à¤¦à¤¨ à¤\xadà¤£à¥\x8dà¤¡à¤¾à¤°à¥\x80 à¤ªà¤¥', 'oneway': 'yes', 'ref': 'NH34', 'ref:old': 'H03', 'surface': 'asphalt'}"
133,232095613,Madan Bhandari Path,way,modify,{},{},{},136223192,2023-05-17T17:48:38Z,marek kleciak,338611,"{'alt_name': 'Araniko Highway', 'highway': 'primary', 'lanes': '2', 'maxspeed': '40', 'name': 'à¤®à¤¦à¤¨ à¤\xadà¤£à¥\x8dà¤¡à¤¾à¤°à¥\x80 à¤ªà¤¥', 'name:en': 'Madan Bhandari Path', 'name:ne': 'à¤®à¤¦à¤¨ à¤\xadà¤£à¥\x8dà¤¡à¤¾à¤°à¥\x80 à¤ªà¤¥', 'oneway': 'yes', 'ref': 'NH34', 'ref:old': 'H03'}","{'alt_name': 'Araniko Highway', 'highway': 'primary', 'lanes': '2', 'maxspeed': '40', 'name': 'à¤®à¤¦à¤¨ à¤\xadà¤£à¥\x8dà¤¡à¤¾à¤°à¥\x80 à¤ªà¤¥', 'name:en': 'Madan Bhandari Path', 'name:ne': 'à¤®à¤¦à¤¨ à¤\xadà¤£à¥\x8dà¤¡à¤¾à¤°à¥\x80 à¤ªà¤¥', 'oneway': 'yes', 'ref': 'NH34', 'ref:old': 'H03'}"
134,232095616,Madan Bhandari Path,way,modify,{},{},{},136223192,2023-05-17T17:48:38Z,marek kleciak,338611,"{'alt_name': 'Araniko Highway', 'highway': 'primary', 'lanes': '2', 'maxspeed': '40', 'name': 'à¤®à¤¦à¤¨ à¤\xadà¤£à¥\x8dà¤¡à¤¾à¤°à¥\x80 à¤ªà¤¥', 'name:en': 'Madan Bhandari Path', 'name:ne': 'à¤®à¤¦à¤¨ à¤\xadà¤£à¥\x8dà¤¡à¤¾à¤°à¥\x80 à¤ªà¤¥', 'oneway': 'yes', 'ref': 'NH34', 'ref:old': 'H03', 'surface': 'asphalt'}","{'alt_name': 'Araniko Highway', 'highway': 'primary', 'lanes': '2', 'maxspeed': '40', 'name': 'à¤®à¤¦à¤¨ à¤\xadà¤£à¥\x8dà¤¡à¤¾à¤°à¥\x80 à¤ªà¤¥', 'name:en': 'Madan Bhandari Path', 'name:ne': 'à¤®à¤¦à¤¨ à¤\xadà¤£à¥\x8dà¤¡à¤¾à¤°à¥\x80 à¤ªà¤¥', 'oneway': 'yes', 'ref': 'NH34', 'ref:old': 'H03', 'surface': 'asphalt'}"
135,257416645,Madan Bhandari Path,way,modify,{},{},{},136223192,2023-05-17T17:48:38Z,marek kleciak,338611,"{'highway': 'primary', 'name': 'à¤®à¤¦à¤¨ à¤\xadà¤£à¥\x8dà¤¡à¤¾à¤°à¥\x80 à¤ªà¤¥', 'name:en': 'Madan Bhandari Path', 'name:ne': 'à¤®à¤¦à¤¨ à¤\xadà¤£à¥\x8dà¤¡à¤¾à¤°à¥\x80 à¤ªà¤¥', 'oneway': 'yes', 'ref': 'H03'}","{'highway': 'primary', 'name': 'à¤®à¤¦à¤¨ à¤\xadà¤£à¥\x8dà¤¡à¤¾à¤°à¥\x80 à¤ªà¤¥', 'name:en': 'Madan Bhandari Path', 'name:ne': 'à¤®à¤¦à¤¨ à¤\xadà¤£à¥\x8dà¤¡à¤¾à¤°à¥\x80 à¤ªà¤¥', 'oneway': 'yes', 'ref': 'H03'}"
136,232095615,Madan Bhandari Path,way,modify,{},{},{},136222234,2023-05-17T17:20:23Z,marek kleciak,338611,"{'highway': 'primary', 'name': 'à¤®à¤¦à¤¨ à¤\xadà¤£à¥\x8dà¤¡à¤¾à¤°à¥\x80 à¤ªà¤¥', 'name:en': 'Madan Bhandari Path', 'name:ne': 'à¤®à¤¦à¤¨ à¤\xadà¤£à¥\x8dà¤¡à¤¾à¤°à¥\x80 à¤ªà¤¥', 'oneway': 'yes', 'ref': 'H03'}","{'highway': 'primary', 'name': 'à¤®à¤¦à¤¨ à¤\xadà¤£à¥\x8dà¤¡à¤¾à¤°à¥\x80 à¤ªà¤¥', 'name:en': 'Madan Bhandari Path', 'name:ne': 'à¤®à¤¦à¤¨ à¤\xadà¤£à¥\x8dà¤¡à¤¾à¤°à¥\x80 à¤ªà¤¥', 'oneway': 'yes', 'ref': 'H03'}"
137,257416645,Madan Bhandari Path,way,modify,{},{},{},136222234,2023-05-17T17:20:23Z,marek kleciak,338611,"{'highway': 'primary', 'name': 'à¤®à¤¦à¤¨ à¤\xadà¤£à¥\x8dà¤¡à¤¾à¤°à¥\x80 à¤ªà¤¥', 'name:en': 'Madan Bhandari Path', 'name:ne': 'à¤®à¤¦à¤¨ à¤\xadà¤£à¥\x8dà¤¡à¤¾à¤°à¥\x80 à¤ªà¤¥', 'oneway': 'yes', 'ref': 'H03'}","{'highway': 'primary', 'name': 'à¤®à¤¦à¤¨ à¤\xadà¤£à¥\x8dà¤¡à¤¾à¤°à¥\x80 à¤ªà¤¥', 'name:en': 'Madan Bhandari Path', 'name:ne': 'à¤®à¤¦à¤¨ à¤\xadà¤£à¥\x8dà¤¡à¤¾à¤°à¥\x80 à¤ªà¤¥', 'oneway': 'yes', 'ref': 'H03'}"
138,1073374844,{},way,modify,{},{},{},136222234,2023-05-17T17:20:23Z,marek kleciak,338611,"{'highway': 'primary', 'oneway': 'yes'}","{'highway': 'primary', 'oneway': 'yes'}"
139,172008695,Thapathali Road,way,modify,{},{},{},136211226,2023-05-17T12:30:44Z,marek kleciak,338611,"{'highway': 'primary', 'name': 'à¤¥à¤¾à¤ªà¤¾à¤¥à¤²à¥\x80 à¤¸à¤¡à¤\x95', 'name:en': 'Thapathali Road', 'name:ne': 'à¤¥à¤¾à¤ªà¤¾à¤¥à¤²à¥\x80 à¤¸à¤¡à¤\x95', 'oneway': 'yes'}","{'highway': 'primary', 'name': 'à¤¥à¤¾à¤ªà¤¾à¤¥à¤²à¥\x80 à¤¸à¤¡à¤\x95', 'name:en': 'Thapathali Road', 'name:ne': 'à¤¥à¤¾à¤ªà¤¾à¤¥à¤²à¥\x80 à¤¸à¤¡à¤\x95', 'oneway': 'yes'}"
140,351018908,Tripureshwar Marg,way,modify,{},{},{},136211226,2023-05-17T12:30:44Z,marek kleciak,338611,"{'highway': 'primary', 'lanes': '2', 'name': 'à¤¤à¥\x8dà¤°à¤¿à¤ªà¥\x81à¤°à¥\x87à¤¶à¥\x8dà¤µà¤° à¤®à¤¾à¤°à¥\x8dà¤\x97', 'name:en': 'Tripureshwar Marg', 'name:ne': 'à¤¤à¥\x8dà¤°à¤¿à¤ªà¥\x81à¤°à¥\x87à¤¶à¥\x8dà¤µà¤° à¤®à¤¾à¤°à¥\x8dà¤\x97', 'oneway': 'yes', 'surface': 'asphalt'}","{'highway': 'primary', 'lanes': '2', 'name': 'à¤¤à¥\x8dà¤°à¤¿à¤ªà¥\x81à¤°à¥\x87à¤¶à¥\x8dà¤µà¤° à¤®à¤¾à¤°à¥\x8dà¤\x97', 'name:en': 'Tripureshwar Marg', 'name:ne': 'à¤¤à¥\x8dà¤°à¤¿à¤ªà¥\x81à¤°à¥\x87à¤¶à¥\x8dà¤µà¤° à¤®à¤¾à¤°à¥\x8dà¤\x97', 'oneway': 'yes', 'surface': 'asphalt'}"
141,351018906,Thapathali Road,way,modify,{},{},{},136211044,2023-05-17T12:26:16Z,marek kleciak,338611,"{'alt_name': 'Ramshah Path', 'highway': 'primary', 'name': 'à¤¥à¤¾à¤ªà¤¾à¤¥à¤²à¥\x80 à¤¸à¤¡à¤\x95', 'name:en': 'Thapathali Road', 'name:ne': 'à¤¥à¤¾à¤ªà¤¾à¤¥à¤²à¥\x80 à¤¸à¤¡à¤\x95'}","{'alt_name': 'Ramshah Path', 'highway': 'primary', 'name': 'à¤¥à¤¾à¤ªà¤¾à¤¥à¤²à¥\x80 à¤¸à¤¡à¤\x95', 'name:en': 'Thapathali Road', 'name:ne': 'à¤¥à¤¾à¤ªà¤¾à¤¥à¤²à¥\x80 à¤¸à¤¡à¤\x95'}"
142,52916460,{},way,modify,{},{},{},136210572,2023-05-17T12:17:54Z,marek kleciak,338611,"{'highway': 'primary', 'oneway': 'yes'}","{'highway': 'primary', 'oneway': 'yes'}"
143,118505084,{},way,modify,{},{},{},136210572,2023-05-17T12:17:54Z,marek kleciak,338611,"{'highway': 'primary', 'oneway': 'yes', 'surface': 'asphalt'}","{'highway': 'primary', 'oneway': 'yes', 'surface': 'asphalt'}"
144,231309040,{},way,modify,{},{},{},136210572,2023-05-17T12:17:54Z,marek kleciak,338611,"{'highway': 'primary', 'oneway': 'yes'}","{'highway': 'primary', 'oneway': 'yes'}"
145,231885715,Tripureshwar Marg,way,modify,{},{},{},136210572,2023-05-17T12:17:54Z,marek kleciak,338611,"{'highway': 'primary', 'lanes': '2', 'name': 'à¤¤à¥\x8dà¤°à¤¿à¤ªà¥\x81à¤°à¥\x87à¤¶à¥\x8dà¤µà¤° à¤®à¤¾à¤°à¥\x8dà¤\x97', 'name:en': 'Tripureshwar Marg', 'name:ne': 'à¤¤à¥\x8dà¤°à¤¿à¤ªà¥\x81à¤°à¥\x87à¤¶à¥\x8dà¤µà¤° à¤®à¤¾à¤°à¥\x8dà¤\x97', 'oneway': 'yes', 'surface': 'asphalt'}","{'highway': 'primary', 'lanes': '2', 'name': 'à¤¤à¥\x8dà¤°à¤¿à¤ªà¥\x81à¤°à¥\x87à¤¶à¥\x8dà¤µà¤° à¤®à¤¾à¤°à¥\x8dà¤\x97', 'name:en': 'Tripureshwar Marg', 'name:ne': 'à¤¤à¥\x8dà¤°à¤¿à¤ªà¥\x81à¤°à¥\x87à¤¶à¥\x8dà¤µà¤° à¤®à¤¾à¤°à¥\x8dà¤\x97', 'oneway': 'yes', 'surface': 'asphalt'}"
146,351018899,Thapathali Road,way,modify,{},{},{},136210572,2023-05-17T12:17:54Z,marek kleciak,338611,"{'alt_name': 'Ramshah Path', 'highway': 'primary', 'name': 'à¤¥à¤¾à¤ªà¤¾à¤¥à¤²à¥\x80 à¤°à¥\x8bà¤¡', 'name:en': 'Thapathali Road', 'name:ne': 'à¤¥à¤¾à¤ªà¤¾à¤¥à¤²à¥\x80 à¤°à¥\x8bà¤¡'}","{'alt_name': 'Ramshah Path', 'highway': 'primary', 'name': 'à¤¥à¤¾à¤ªà¤¾à¤¥à¤²à¥\x80 à¤°à¥\x8bà¤¡', 'name:en': 'Thapathali Road', 'name:ne': 'à¤¥à¤¾à¤ªà¤¾à¤¥à¤²à¥\x80 à¤°à¥\x8bà¤¡'}"
147,351018901,{},way,modify,{},{},{},136210572,2023-05-17T12:17:54Z,marek kleciak,338611,"{'highway': 'primary', 'oneway': 'yes'}","{'highway': 'primary', 'oneway': 'yes'}"
148,351018908,Tripureshwar Marg,way,modify,{},{},{},136210572,2023-05-17T12:17:54Z,marek kleciak,338611,"{'highway': 'primary', 'lanes': '2', 'name': 'à¤¤à¥\x8dà¤°à¤¿à¤ªà¥\x81à¤°à¥\x87à¤¶à¥\x8dà¤µà¤° à¤®à¤¾à¤°à¥\x8dà¤\x97', 'name:en': 'Tripureshwar Marg', 'name:ne': 'à¤¤à¥\x8dà¤°à¤¿à¤ªà¥\x81à¤°à¥\x87à¤¶à¥\x8dà¤µà¤° à¤®à¤¾à¤°à¥\x8dà¤\x97', 'oneway': 'yes', 'surface': 'asphalt'}","{'highway': 'primary', 'lanes': '2', 'name': 'à¤¤à¥\x8dà¤°à¤¿à¤ªà¥\x81à¤°à¥\x87à¤¶à¥\x8dà¤µà¤° à¤®à¤¾à¤°à¥\x8dà¤\x97', 'name:en': 'Tripureshwar Marg', 'name:ne': 'à¤¤à¥\x8dà¤°à¤¿à¤ªà¥\x81à¤°à¥\x87à¤¶à¥\x8dà¤µà¤° à¤®à¤¾à¤°à¥\x8dà¤\x97', 'oneway': 'yes', 'surface': 'asphalt'}"
149,231885715,Tripureshwar Marg,way,modify,{},{},{},136205196,2023-05-17T10:05:50Z,marek kleciak,338611,"{'highway': 'primary', 'lanes': '2', 'name': 'à¤¤à¥\x8dà¤°à¤¿à¤ªà¥\x81à¤°à¥\x87à¤¶à¥\x8dà¤µà¤° à¤®à¤¾à¤°à¥\x8dà¤\x97', 'name:en': 'Tripureshwar Marg', 'name:ne': 'à¤¤à¥\x8dà¤°à¤¿à¤ªà¥\x81à¤°à¥\x87à¤¶à¥\x8dà¤µà¤° à¤®à¤¾à¤°à¥\x8dà¤\x97', 'oneway': 'yes', 'surface': 'asphalt'}","{'highway': 'primary', 'lanes': '2', 'name': 'à¤¤à¥\x8dà¤°à¤¿à¤ªà¥\x81à¤°à¥\x87à¤¶à¥\x8dà¤µà¤° à¤®à¤¾à¤°à¥\x8dà¤\x97', 'name:en': 'Tripureshwar Marg', 'name:ne': 'à¤¤à¥\x8dà¤°à¤¿à¤ªà¥\x81à¤°à¥\x87à¤¶à¥\x8dà¤µà¤° à¤®à¤¾à¤°à¥\x8dà¤\x97', 'oneway': 'yes', 'surface': 'asphalt'}"
150,351018908,Tripureshwar Marg,way,modify,{},{},{},136205196,2023-05-17T10:05:50Z,marek kleciak,338611,"{'highway': 'primary', 'lanes': '2', 'name': 'à¤¤à¥\x8dà¤°à¤¿à¤ªà¥\x81à¤°à¥\x87à¤¶à¥\x8dà¤µà¤° à¤®à¤¾à¤°à¥\x8dà¤\x97', 'name:en': 'Tripureshwar Marg', 'name:ne': 'à¤¤à¥\x8dà¤°à¤¿à¤ªà¥\x81à¤°à¥\x87à¤¶à¥\x8dà¤µà¤° à¤®à¤¾à¤°à¥\x8dà¤\x97', 'oneway': 'yes', 'surface': 'asphalt'}","{'highway': 'primary', 'lanes': '2', 'name': 'à¤¤à¥\x8dà¤°à¤¿à¤ªà¥\x81à¤°à¥\x87à¤¶à¥\x8dà¤µà¤° à¤®à¤¾à¤°à¥\x8dà¤\x97', 'name:en': 'Tripureshwar Marg', 'name:ne': 'à¤¤à¥\x8dà¤°à¤¿à¤ªà¥\x81à¤°à¥\x87à¤¶à¥\x8dà¤µà¤° à¤®à¤¾à¤°à¥\x8dà¤\x97', 'oneway': 'yes', 'surface': 'asphalt'}"
151,422263673,Kanti Path,way,modify,{},{},{},136205196,2023-05-17T10:05:50Z,marek kleciak,338611,"{'highway': 'primary', 'name': 'à¤\x95à¤¾à¤¨à¥\x8dà¤¤à¤¿ à¤ªà¤¥', 'name:en': 'Kanti Path', 'name:ne': 'à¤\x95à¤¾à¤¨à¥\x8dà¤¤à¤¿ à¤ªà¤¥', 'oneway': 'yes', 'surface': 'asphalt'}","{'highway': 'primary', 'name': 'à¤\x95à¤¾à¤¨à¥\x8dà¤¤à¤¿ à¤ªà¤¥', 'name:en': 'Kanti Path', 'name:ne': 'à¤\x95à¤¾à¤¨à¥\x8dà¤¤à¤¿ à¤ªà¤¥', 'oneway': 'yes', 'surface': 'asphalt'}"
152,185939504,Tripureshwar Marg,way,modify,{},{},{},136197194,2023-05-17T07:09:37Z,marek kleciak,338611,"{'alt_name': 'Tribhuvan Rajpath', 'highway': 'primary', 'lanes': '4', 'maxspeed': '30', 'name': 'à¤¤à¥\x8dà¤°à¤¿à¤ªà¥\x81à¤°à¥\x87à¤¶à¥\x8dà¤µà¤° à¤®à¤¾à¤°à¥\x8dà¤\x97', 'name:en': 'Tripureshwar Marg', 'name:ne': 'à¤¤à¥\x8dà¤°à¤¿à¤ªà¥\x81à¤°à¥\x87à¤¶à¥\x8dà¤µà¤° à¤®à¤¾à¤°à¥\x8dà¤\x97', 'oneway': 'no', 'operator': 'Department of Roads', 'ref': 'NH41', 'source': 'http://dor.gov.np/road_statistic_2004/national_highways.php', 'surface': 'asphalt'}","{'alt_name': 'Tribhuvan Rajpath', 'highway': 'primary', 'lanes': '4', 'maxspeed': '30', 'name': 'à¤¤à¥\x8dà¤°à¤¿à¤ªà¥\x81à¤°à¥\x87à¤¶à¥\x8dà¤µà¤° à¤®à¤¾à¤°à¥\x8dà¤\x97', 'name:en': 'Tripureshwar Marg', 'name:ne': 'à¤¤à¥\x8dà¤°à¤¿à¤ªà¥\x81à¤°à¥\x87à¤¶à¥\x8dà¤µà¤° à¤®à¤¾à¤°à¥\x8dà¤\x97', 'oneway': 'no', 'operator': 'Department of Roads', 'ref': 'NH41', 'source': 'http://dor.gov.np/road_statistic_2004/national_highways.php', 'surface': 'asphalt'}"
153,58423999,{},way,modify,{},{},{},136156242,2023-05-16T08:14:03Z,marek kleciak,338611,"{'highway': 'primary', 'oneway': 'yes'}","{'highway': 'primary', 'oneway': 'yes'}"
154,111845384,{},way,modify,{},{},{},136155421,2023-05-16T07:53:14Z,marek kleciak,338611,"{'highway': 'primary', 'junction': 'roundabout', 'oneway': 'yes'}","{'highway': 'primary', 'junction': 'roundabout', 'oneway': 'yes'}"
155,111845390,Maitighar,way,modify,{},{},{},136155421,2023-05-16T07:53:14Z,marek kleciak,338611,"{'highway': 'primary', 'junction': 'roundabout', 'name': 'à¤®à¤¾à¤\x87à¤¤à¤¿à¤\x98à¤° à¤¸à¤¡à¤\x95', 'name:en': 'Maitighar', 'name:ne': 'à¤®à¤¾à¤\x87à¤¤à¤¿à¤\x98à¤° à¤¸à¤¡à¤\x95', 'oneway': 'yes'}","{'highway': 'primary', 'junction': 'roundabout', 'name': 'à¤®à¤¾à¤\x87à¤¤à¤¿à¤\x98à¤° à¤¸à¤¡à¤\x95', 'name:en': 'Maitighar', 'name:ne': 'à¤®à¤¾à¤\x87à¤¤à¤¿à¤\x98à¤° à¤¸à¤¡à¤\x95', 'oneway': 'yes'}"
156,172008695,Thapathali Road,way,modify,{},{},{},136155421,2023-05-16T07:53:14Z,marek kleciak,338611,"{'highway': 'primary', 'name': 'à¤¥à¤¾à¤ªà¤¾à¤¥à¤²à¥\x80 à¤¸à¤¡à¤\x95', 'name:en': 'Thapathali Road', 'name:ne': 'à¤¥à¤¾à¤ªà¤¾à¤¥à¤²à¥\x80 à¤¸à¤¡à¤\x95', 'oneway': 'yes'}","{'highway': 'primary', 'name': 'à¤¥à¤¾à¤ªà¤¾à¤¥à¤²à¥\x80 à¤¸à¤¡à¤\x95', 'name:en': 'Thapathali Road', 'name:ne': 'à¤¥à¤¾à¤ªà¤¾à¤¥à¤²à¥\x80 à¤¸à¤¡à¤\x95', 'oneway': 'yes'}"
157,172008702,{},way,modify,{},{},{},136155421,2023-05-16T07:53:14Z,marek kleciak,338611,"{'highway': 'primary', 'junction': 'roundabout', 'oneway': 'yes'}","{'highway': 'primary', 'junction': 'roundabout', 'oneway': 'yes'}"
158,173044198,Ram Shah Path,way,modify,{},{},{},136155421,2023-05-16T07:53:14Z,marek kleciak,338611,"{'access': 'yes', 'bicycle': 'yes', 'foot': 'no', 'highway': 'primary', 'lanes': '1', 'maxspeed': '30', 'name': 'à¤°à¤¾à¤® à¤¶à¤¾à¤¹ à¤ªà¤¥', 'name:en': 'Ram Shah Path', 'name:ne': 'à¤°à¤¾à¤® à¤¶à¤¾à¤¹ à¤ªà¤¥', 'oneway': 'yes', 'source': 'Self', 'surface': 'paved'}","{'access': 'yes', 'bicycle': 'yes', 'foot': 'no', 'highway': 'primary', 'lanes': '1', 'maxspeed': '30', 'name': 'à¤°à¤¾à¤® à¤¶à¤¾à¤¹ à¤ªà¤¥', 'name:en': 'Ram Shah Path', 'name:ne': 'à¤°à¤¾à¤® à¤¶à¤¾à¤¹ à¤ªà¤¥', 'oneway': 'yes', 'source': 'Self', 'surface': 'paved'}"
159,341506043,{},way,modify,{},{},{},136107904,2023-05-15T04:56:09Z,Riyadi IRM-RV,8072077,"{'highway': 'primary', 'ref': 'NH9', 'ref:old': 'F57'}","{'highway': 'primary', 'ref': 'NH9', 'ref:old': 'F57'}"
160,890988556,{},way,modify,{},{},{},136107904,2023-05-15T04:56:09Z,Riyadi IRM-RV,8072077,"{'highway': 'primary', 'ref': 'NH9', 'ref:old': 'F57'}","{'highway': 'primary', 'ref': 'NH9', 'ref:old': 'F57'}"
161,341506043,{},way,modify,{},{},{},136105651,2023-05-15T02:06:35Z,Riyadi IRM-RV,8072077,"{'highway': 'primary', 'ref': 'NH9', 'ref:old': 'F57'}","{'highway': 'primary', 'ref': 'NH9', 'ref:old': 'F57'}"
